StartDate,EndDate,Status,Progress,Duration (in seconds),Finished,RecordedDate,ResponseId,DistributionChannel,UserLanguage,Statement,Age,Unit completion,First Consent,Q22,Q1,Q2,Q3,Q6,Q6_6_TEXT,Q7,Q8,Q11_1,Q11_2,Q11_3,Q11_4,Q11_5,Q12,Q12_15_TEXT,Q13_16,Q13_18,Q13_11,Q13_14,Q13_12,Q13_20,Q13_10,Q13_17,Q13_15,Q13_19,Q13_9,Q13_13,Q21_16,Q21_18,Q21_11,Q21_14,Q21_12,Q21_20,Q21_10,Q21_17,Q21_15,Q21_19,Q21_9,Q21_13,Q4,Q4_4_TEXT,Q9,Q9_6_TEXT,Q_DataPolicyViolations
Start Date,End Date,Response Type,Progress,Duration (in seconds),Finished,Recorded Date,Response ID,Distribution Channel,User Language,Have you read the explanatory statement?,Are you 18 years or older?,Have you chosen your engineering specialisation and completed at least one unit in that specialisation?,Do you agree to participate in this study and provide consent for the researchers to use the data you provide in this survey? No identifiable information will be collected.,How many years of your engineering studies have you completed?,What is your engineering specialisation?,Do you think your specialisation was the correct choice for you?,"What specialisation would you pick instead, if given the choice?",What resources did you use when selecting your specialisation? - Selected Choice,What resources did you use when selecting your specialisation? - Other (please elaborate) - Text,"Before coming to university and doing the common first year engineering units, did you have any idea of the specialisation you wanted to do?",Did this specialisation choice change after first year?,"What were the results of your ITP Metrics Personality Assessment?
Please estimate to the best of your ability, it does not have to be exact - Extraversion","What were the results of your ITP Metrics Personality Assessment?
Please estimate to the best of your ability, it does not have to be exact - Emotionality","What were the results of your ITP Metrics Personality Assessment?
Please estimate to the best of your ability, it does not have to be exact - Conscientiousness","What were the results of your ITP Metrics Personality Assessment?
Please estimate to the best of your ability, it does not have to be exact - Agreeableness","What were the results of your ITP Metrics Personality Assessment?
Please estimate to the best of your ability, it does not have to be exact - Openness","Please select the hobbies/activities you enjoy in your spare time
(Please select up to 5 options) - Selected Choice","Please select the hobbies/activities you enjoy in your spare time
(Please select up to 5 options) - Other - Text","The following topics were covered in your first-year engineering foundation units.
Please choose the four content items that you found most interesting. - Chemical processes (waste water)","The following topics were covered in your first-year engineering foundation units.
Please choose the four content items that you found most interesting. - Circuits","The following topics were covered in your first-year engineering foundation units.
Please choose the four content items that you found most interesting. - Coding","The following topics were covered in your first-year engineering foundation units.
Please choose the four content items that you found most interesting. - Computer aided design (CAD)","The following topics were covered in your first-year engineering foundation units.
Please choose the four content items that you found most interesting. - Data analysis","The following topics were covered in your first-year engineering foundation units.
Please choose the four content items that you found most interesting. - Dynamics","The following topics were covered in your first-year engineering foundation units.
Please choose the four content items that you found most interesting. - Engineering design","The following topics were covered in your first-year engineering foundation units.
Please choose the four content items that you found most interesting. - Materials properties","The following topics were covered in your first-year engineering foundation units.
Please choose the four content items that you found most interesting. - Numerical modelling","The following topics were covered in your first-year engineering foundation units.
Please choose the four content items that you found most interesting. - Smart systems","The following topics were covered in your first-year engineering foundation units.
Please choose the four content items that you found most interesting. - Statics","The following topics were covered in your first-year engineering foundation units.
Please choose the four content items that you found most interesting. - 3D printing","Please rank these content choices in terms of interest

1 = most interesting, 4 = least interesting - Chemical processes (waste water)","Please rank these content choices in terms of interest

1 = most interesting, 4 = least interesting - Circuits","Please rank these content choices in terms of interest

1 = most interesting, 4 = least interesting - Coding","Please rank these content choices in terms of interest

1 = most interesting, 4 = least interesting - Computer aided design (CAD)","Please rank these content choices in terms of interest

1 = most interesting, 4 = least interesting - Data analysis","Please rank these content choices in terms of interest

1 = most interesting, 4 = least interesting - Dynamics","Please rank these content choices in terms of interest

1 = most interesting, 4 = least interesting - Engineering design","Please rank these content choices in terms of interest

1 = most interesting, 4 = least interesting - Materials properties","Please rank these content choices in terms of interest

1 = most interesting, 4 = least interesting - Numerical modelling","Please rank these content choices in terms of interest

1 = most interesting, 4 = least interesting - Smart systems","Please rank these content choices in terms of interest

1 = most interesting, 4 = least interesting - Statics","Please rank these content choices in terms of interest

1 = most interesting, 4 = least interesting - 3D printing","Please choose the most accurate reason for your ideal specialisation choice:
I chose this specialisation because it best fits my... - Selected Choice","Please choose the most accurate reason for your ideal specialisation choice:
I chose this specialisation because it best fits my... - Other (please elaborate) - Text","You mentioned that your expected specialisation choice changed after first year. 

Please choose the most accurate reason for this change.
I changed my ideal specialisation choice to better reflect my... - Selected Choice","You mentioned that your expected specialisation choice changed after first year. 

Please choose the most accurate reason for this change.
I changed my ideal specialisation choice to better reflect my... - Other (please elaborate) - Text",Q_DataPolicyViolations
"{""ImportId"":""startDate"",""timeZone"":""Australia/Sydney""}","{""ImportId"":""endDate"",""timeZone"":""Australia/Sydney""}","{""ImportId"":""status""}","{""ImportId"":""progress""}","{""ImportId"":""duration""}","{""ImportId"":""finished""}","{""ImportId"":""recordedDate"",""timeZone"":""Australia/Sydney""}","{""ImportId"":""_recordId""}","{""ImportId"":""distributionChannel""}","{""ImportId"":""userLanguage""}","{""ImportId"":""QID35""}","{""ImportId"":""QID10""}","{""ImportId"":""QID39""}","{""ImportId"":""QID40""}","{""ImportId"":""QID43""}","{""ImportId"":""QID12""}","{""ImportId"":""QID14""}","{""ImportId"":""QID16""}","{""ImportId"":""QID24""}","{""ImportId"":""QID24_6_TEXT""}","{""ImportId"":""QID28""}","{""ImportId"":""QID29""}","{""ImportId"":""QID21_1""}","{""ImportId"":""QID21_2""}","{""ImportId"":""QID21_3""}","{""ImportId"":""QID21_4""}","{""ImportId"":""QID21_5""}","{""ImportId"":""QID23""}","{""ImportId"":""QID23_15_TEXT""}","{""ImportId"":""QID26_1""}","{""ImportId"":""QID26_2""}","{""ImportId"":""QID26_3""}","{""ImportId"":""QID26_4""}","{""ImportId"":""QID26_5""}","{""ImportId"":""QID26_6""}","{""ImportId"":""QID26_7""}","{""ImportId"":""QID26_8""}","{""ImportId"":""QID26_9""}","{""ImportId"":""QID26_10""}","{""ImportId"":""QID26_11""}","{""ImportId"":""QID26_12""}","{""ImportId"":""QID42_1""}","{""ImportId"":""QID42_2""}","{""ImportId"":""QID42_3""}","{""ImportId"":""QID42_4""}","{""ImportId"":""QID42_5""}","{""ImportId"":""QID42_6""}","{""ImportId"":""QID42_7""}","{""ImportId"":""QID42_8""}","{""ImportId"":""QID42_9""}","{""ImportId"":""QID42_10""}","{""ImportId"":""QID42_11""}","{""ImportId"":""QID42_12""}","{""ImportId"":""QID15""}","{""ImportId"":""QID15_4_TEXT""}","{""ImportId"":""QID30""}","{""ImportId"":""QID30_6_TEXT""}","{""ImportId"":""Q_DataPolicyViolations""}"
2025-05-22 12:23:16,2025-05-22 12:26:16,IP Address,100,179,True,2025-05-22 12:26:17,R_4kHe2zXMdzqx9J4,qr,EN,Yes,Yes,No,,,,,,,,,,,,,,,,,,,,,,,,,,,,,,,,,,,,,,,,,,,,,
2025-05-20 14:18:47,2025-05-20 14:20:57,IP Address,9,130,False,2025-05-27 14:20:58,R_4dBcJlnX3NA3MeX,anonymous,EN,Yes,,,,,,,,,,,,,,,,,,,,,,,,,,,,,,,,,,,,,,,,,,,,,,,
2025-05-20 14:23:33,2025-05-20 14:23:41,IP Address,10,7,False,2025-05-27 14:23:41,R_9aISh4ooFqsrDWf,qr,EN,Yes,,,,,,,,,,,,,,,,,,,,,,,,,,,,,,,,,,,,,,,,,,,,,,,
2025-05-27 15:06:18,2025-05-27 15:12:13,IP Address,100,355,True,2025-05-27 15:12:14,R_4P1Yk73sk44vAbk,qr,EN,Yes,Yes,Yes,Yes,2,Materials,Yes,,"Monash staff,Student teams/clubs",,No,,88,87,92,89,82,"Arts and crafts,Board games,Gaming,Music,Reading",,5,7,2,6,8,9,1,3,10,11,12,4,3,7,4,5,10,9,1,8,11,2,12,6,Personality,,,,
2025-05-22 09:29:17,2025-05-22 09:30:16,IP Address,14,59,False,2025-05-29 09:30:19,R_4fCuJrkmkh043Uy,qr,EN,Yes,Yes,,,,,,,,,,,,,,,,,,,,,,,,,,,,,,,,,,,,,,,,,,,,,,
2025-05-29 11:49:45,2025-05-29 11:54:01,IP Address,100,255,True,2025-05-29 11:54:01,R_9fM7Yk7sWf7uc13,qr,EN,Yes,Yes,Yes,Yes,2,Mechatronics,Yes,,"Friends/family,Independent research,Monash staff,Unit content",,Yes,Yes,62,54,54,59,51,"Board games,Bouldering,Gaming,Programming or other computer-related activities,3D printing",,5,2,3,6,7,1,9,8,10,11,12,4,5,2,4,6,7,1,8,9,10,11,12,3,Personality,,Other (please elaborate),"Job prospects ",
2025-05-30 13:39:33,2025-05-30 13:43:16,IP Address,100,223,True,2025-05-30 13:43:16,R_49LGcuOvphiHkMV,qr,EN,Yes,Yes,Yes,Yes,4,Mechanical,Yes,,"Friends/family,Unit content",,Yes,No,61,22,55,57,66,"Gaming,Lego",,9,5,6,1,7,2,3,8,10,11,12,4,7,1,2,3,4,5,6,8,9,10,11,12,Personality,,,,
2025-05-23 17:51:52,2025-05-23 17:53:34,IP Address,71,102,False,2025-05-30 17:53:37,R_9HTH4GKXQTtUc7K,qr,EN,Yes,Yes,Yes,Yes,3,Materials,Yes,,"Monash faculty briefings,Monash faculty website,Unit content",,Yes,No,54,16,68,57,76,"Music,Sports,Travelling",,,,,,,,,,,,,,,,,,,,,,,,,,,,,,
2025-06-02 15:23:08,2025-06-02 15:27:50,IP Address,100,281,True,2025-06-02 15:27:50,R_91YEl7SRyyruNek,qr,EN,Yes,Yes,Yes,Yes,2,Software,Yes,,"Friends/family,Independent research,Monash faculty briefings,Monash faculty website,Monash staff,Student teams/clubs,Unit content",,Yes,Yes,100,91,86,100,70,"Arts and crafts,Board games,Cooking/Baking,Lego,Outdoor activities (e.g. hiking),Reading,Sports,Travelling",,6,2,4,1,5,7,11,8,3,9,10,12,9,4,1,2,5,6,7,8,3,10,11,12,Personality,,Academic interest,,
2025-05-27 17:15:39,2025-05-27 17:18:14,IP Address,95,154,False,2025-06-03 17:18:15,R_4fRgnTiM8ozdO49,qr,EN,Yes,Yes,Yes,Yes,1,Mechatronics,Yes,,"Friends/family,Independent research,Unit content",,No,,72,57,71,85,95,"Cooking/Baking,Lego",,8,3,1,6,4,10,11,5,7,2,12,9,4,3,1,5,7,8,9,11,10,2,12,6,Academic interests,,,,
2025-06-12 13:48:36,2025-06-12 14:40:43,IP Address,100,3127,True,2025-06-12 14:40:44,R_9emMHiHxixZtJJL,qr,EN,Yes,Yes,Yes,Yes,3,Electrical and computer systems,Yes,,"Unit content,Other (please elaborate)",Course map,Yes,Yes,42,55,30,41,34,"Arts and crafts,Cooking/Baking,Gaming,Reading,Travelling",,8,1,4,6,5,7,3,2,9,10,11,12,7,1,4,6,8,9,2,10,5,3,11,12,Academic interests,,Other (please elaborate),"Job opportunities ",
2025-06-15 13:52:20,2025-06-15 13:57:48,IP Address,100,327,True,2025-06-15 13:57:48,R_4mhl9gzcUGiXXah,qr,EN,Yes,Yes,Yes,Yes,4,Electrical and computer systems,Yes,,Other (please elaborate),Personal interest,Yes,No,70,60,50,65,87,"Board games,Gaming,Lego,Sports,Travelling",,12,4,7,2,6,9,3,11,5,8,10,1,12,4,7,2,6,9,3,11,5,8,10,1,Academic interests,,,,
2025-06-15 13:44:39,2025-06-15 13:45:56,IP Address,57,77,False,2025-06-22 13:45:58,R_4EzEV6qyWgzJ7qk,qr,EN,Yes,Yes,Yes,Yes,4,Electrical and computer systems,Yes,,Other (please elaborate),Interest in electrical engineering,No,,,,,,,,,,,,,,,,,,,,,,,,,,,,,,,,,,,,,
2025-06-20 10:54:11,2025-06-20 10:55:36,IP Address,57,84,False,2025-06-27 10:55:36,R_9VEiHsx3KaRdrpm,qr,EN,Yes,Yes,Yes,Yes,2,Mechanical,Yes,,"Independent research,Monash faculty briefings,Unit content",,No,,,,,,,,,,,,,,,,,,,,,,,,,,,,,,,,,,,,,
2025-06-24 16:59:57,2025-06-24 17:00:29,IP Address,14,32,False,2025-07-01 17:00:30,R_4fB3Ia1zJmCYMPO,qr,EN,Yes,Yes,,,,,,,,,,,,,,,,,,,,,,,,,,,,,,,,,,,,,,,,,,,,,,
2025-07-05 23:45:12,2025-07-05 23:48:06,IP Address,95,174,False,2025-07-12 23:48:11,R_4sSl1S47xlSj1aV,qr,EN,Yes,Yes,Yes,Yes,2,Mechatronics,No,Electrical and computer systems,"Friends/family,Independent research,Monash faculty website,Unit content",,No,,49,53,55,91,92,"Arts and crafts,Music,Programming or other computer-related activities,Reading,Other",gym,6,2,1,5,7,8,9,11,3,4,10,12,9,2,1,3,7,8,10,11,6,4,12,5,Academic interests,,,,
2025-07-20 13:35:27,2025-07-20 13:36:35,IP Address,52,68,False,2025-07-27 13:36:41,R_4JzrPNZiF2n7fOM,qr,EN,Yes,Yes,Yes,Yes,2,Mechatronics,Yes,,"Friends/family,Independent research",,Yes,,,,,,,,,,,,,,,,,,,,,,,,,,,,,,,,,,,,,
2025-07-29 10:05:11,2025-07-29 10:05:26,IP Address,100,15,True,2025-07-29 10:05:27,R_41cKFwCnYtfT31Z,qr,EN,Yes,Yes,No,,,,,,,,,,,,,,,,,,,,,,,,,,,,,,,,,,,,,,,,,,,,,
2025-07-29 13:03:38,2025-07-29 13:07:11,IP Address,100,213,True,2025-07-29 13:07:12,R_9skaUZHnJQA1sjf,qr,EN,Yes,Yes,Yes,Yes,2,Mechanical,Yes,,"Friends/family,Independent research,Monash faculty website,Student teams/clubs,Unit content",,Yes,No,60,62,76,66,65,"Cooking/Baking,Music,Outdoor activities (e.g. hiking),Sports,Travelling",,12,9,7,4,6,2,5,1,8,11,3,10,9,6,8,5,4,1,7,2,10,11,3,12,Academic interests,,,,
2025-07-29 15:48:16,2025-07-29 15:57:12,IP Address,100,535,True,2025-07-29 15:57:12,R_9v6CEgbtJdkbEg9,anonymous,EN,Yes,Yes,Yes,Yes,4,Mechanical,No,Aerospace,"Friends/family,Independent research,Monash faculty briefings",,Yes,No,63,48,43,47,38,"Board games,Gaming,Outdoor activities (e.g. hiking),Programming or other computer-related activities",,11,8,2,3,10,7,5,4,1,9,6,12,11,8,3,1,10,7,5,4,2,9,6,12,Academic interests,,,,
2025-07-29 15:48:29,2025-07-29 16:02:20,IP Address,100,831,True,2025-07-29 16:02:21,R_9HBPUF1op0wbxd4,anonymous,EN,Yes,Yes,Yes,Yes,2,Environmental,No,Mechanical,"Friends/family,Independent research,Monash faculty briefings,Unit content",,Yes,Yes,32,84,42,44,31,"Gaming,Lego,Reading,Sports,Other",Movies/tv,8,9,10,7,6,2,1,11,12,4,5,3,5,6,7,8,9,2,1,10,11,4,12,3,Personality,,Other (please elaborate),Mental health and other personality interests,
2025-07-29 16:03:40,2025-07-29 16:07:17,IP Address,100,216,True,2025-07-29 16:07:17,R_4j9ERNMO6v2aovj,anonymous,EN,Yes,Yes,Yes,Yes,4+,Mechanical,Yes,,"Independent research,Monash faculty briefings,Monash faculty website,Unit content",,No,,63,62,79,81,74,"Cooking/Baking,Lego,Music,Outdoor activities (e.g. hiking),Sports",,6,4,12,7,11,3,8,9,1,10,2,5,5,4,6,7,8,3,10,9,1,12,2,11,Academic interests,,,,
2025-07-29 16:32:07,2025-07-29 16:36:42,IP Address,100,275,True,2025-07-29 16:36:43,R_9pNwAilrvdbQjHH,anonymous,EN,Yes,Yes,Yes,Yes,4+,Electrical and computer systems,Yes,,"Friends/family,Independent research,Unit content",,Yes,Yes,49,29,86,31,31,"Bouldering,Cars/automotive,Gaming,Lego,Music,Outdoor activities (e.g. hiking),Programming or other computer-related activities,Reading,Sports",,5,2,1,6,4,7,8,9,10,3,11,12,5,2,1,6,4,7,8,9,10,3,11,12,Academic interests,,Academic interest,,
2025-07-29 16:34:30,2025-07-29 16:40:20,IP Address,100,349,True,2025-07-29 16:40:21,R_9pWS2apMFD51kX2,anonymous,EN,Yes,Yes,Yes,Yes,1,Mechatronics,Yes,,"Friends/family,Independent research,Monash faculty website,Monash staff,Student teams/clubs,Unit content",,Yes,Yes,62,40,60,50,51,"Board games,Cooking/Baking,Gaming,Lego,Music,Programming or other computer-related activities,Reading,3D printing",,10,3,2,1,4,7,6,8,9,5,11,12,9,3,2,1,7,8,6,10,4,11,12,5,Academic interests,,Academic interest,,
2025-07-29 16:41:21,2025-07-29 16:47:17,IP Address,100,355,True,2025-07-29 16:47:17,R_94p9CPHWOiIP5ch,anonymous,EN,Yes,Yes,Yes,Yes,2,Electrical and computer systems,Yes,,"Friends/family,Independent research,Monash faculty briefings",,No,,50,61,72,70,13,"Reading,Sports,Travelling",,11,3,1,8,2,12,7,5,4,6,10,9,12,2,1,8,4,11,6,7,3,5,10,9,Other (please elaborate),future jobs and alignement with my other double degree,,,
2025-07-29 16:45:13,2025-07-29 16:47:46,IP Address,100,152,True,2025-07-29 16:47:46,R_4R2MqxSbUaimvqm,anonymous,EN,Yes,Yes,Yes,Yes,1,Electrical and computer systems,Yes,,"Friends/family,Independent research",,No,,49,74,91,71,79,"Gaming,Outdoor activities (e.g. hiking),Sports,Travelling",,6,3,2,5,4,7,8,9,10,1,11,12,6,2,3,4,5,7,8,9,10,1,11,12,Academic interests,,,,
2025-07-29 16:40:23,2025-07-29 16:51:30,IP Address,100,667,True,2025-07-29 16:51:31,R_4gUBBXXwOlm4FuQ,anonymous,EN,Yes,Yes,Yes,Yes,4+,Electrical and computer systems,Yes,,"Friends/family,Independent research",,Yes,Yes,22,52,83,42,24,"Arts and crafts,Reading,Sports",,9,5,4,10,2,6,11,1,3,8,7,12,9,5,4,10,2,6,11,1,3,8,7,12,Academic interests,,Academic interest,,
2025-07-29 16:49:04,2025-07-29 16:55:19,IP Address,100,374,True,2025-07-29 16:55:19,R_4vjmqUP1HBxozCo,anonymous,EN,Yes,Yes,Yes,Yes,2,Electrical and computer systems,Yes,,Unit content,,No,,60,59,59,61,61,"Bouldering,Outdoor activities (e.g. hiking),Travelling",,12,1,2,10,5,6,7,8,4,3,9,11,12,1,2,10,4,5,9,3,8,6,7,11,Academic interests,,,,
2025-07-29 16:51:13,2025-07-29 17:03:21,IP Address,100,727,True,2025-07-29 17:03:21,R_9BbTkq871zPPJez,anonymous,EN,Yes,Yes,Yes,Yes,2,Mechatronics,Yes,,"Friends/family,Independent research,Student teams/clubs,Unit content",,Yes,No,18,70,68,52,21,"Gaming,Lego,Programming or other computer-related activities,Sports,Other",Watching videos,12,7,1,6,8,4,11,10,3,2,9,5,12,7,1,2,8,6,11,10,5,3,9,4,Academic interests,,,,
2025-07-29 17:02:54,2025-07-29 17:08:33,IP Address,100,338,True,2025-07-29 17:08:33,R_4i84GIDcy8owXXm,anonymous,EN,Yes,Yes,Yes,Yes,4+,Electrical and computer systems,Yes,,Other (please elaborate),i like the abstractness of electrical,Yes,No,69,18,33,19,68,"Board games,Gaming,Reading",,4,2,3,5,6,7,8,1,9,10,11,12,4,2,3,5,6,7,8,1,9,10,11,12,Academic interests,,,,
2025-07-29 17:08:03,2025-07-29 17:20:06,IP Address,100,723,True,2025-07-29 17:20:08,R_4JONbsXMZlJWS8m,anonymous,EN,Yes,Yes,Yes,Yes,4,Environmental,Yes,,"Independent research,Monash faculty website",,Yes,No,35,50,25,45,30,"Board games,Travelling",,1,5,11,3,7,6,4,2,8,9,10,12,1,8,11,3,7,5,4,2,10,9,6,12,Personality,,,,
2025-07-29 17:15:57,2025-07-29 17:21:42,IP Address,100,345,True,2025-07-29 17:21:42,R_4IcI3I40byGtIc9,anonymous,EN,Yes,Yes,Yes,Yes,3,Environmental,Yes,,"Friends/family,Independent research,Monash staff,Student teams/clubs,Unit content",,Yes,No,54,31,75,65,65,"Board games,Music,Outdoor activities (e.g. hiking),Travelling",,5,4,6,2,3,8,1,9,10,11,7,12,5,6,7,2,3,8,1,9,4,10,11,12,Personality,,,,
2025-07-29 17:27:04,2025-07-29 17:33:21,IP Address,100,376,True,2025-07-29 17:33:21,R_4o6UA0QrNprVJ6g,anonymous,EN,Yes,Yes,Yes,Yes,1,Civil,Yes,,"Friends/family,Independent research,Unit content",,Yes,Yes,68,72,51,100,71,"Gaming,Music,Reading,Sports,Travelling",,4,9,1,7,10,5,6,3,11,12,2,8,4,9,1,7,10,5,6,3,11,12,2,8,Academic interests,,Academic interest,,
2025-07-29 17:29:56,2025-07-29 17:37:38,IP Address,100,462,True,2025-07-29 17:37:39,R_9FQYpyTRO0T7IKv,anonymous,EN,Yes,Yes,Yes,Yes,3,Biomedical,Yes,,"Independent research,Monash faculty website,Student teams/clubs,Unit content",,Yes,No,73,24,77,79,35,"Cooking/Baking,Reading,Sports,Travelling",,6,7,5,8,3,4,9,2,1,10,11,12,10,6,9,11,3,4,7,2,1,8,5,12,Academic interests,,,,
2025-07-29 17:41:29,2025-07-29 17:41:42,IP Address,100,12,True,2025-07-29 17:41:42,R_9V38eHvQ0MMPk3v,anonymous,EN,Yes,Yes,No,,,,,,,,,,,,,,,,,,,,,,,,,,,,,,,,,,,,,,,,,,,,,
2025-07-29 17:33:57,2025-07-29 17:43:58,IP Address,100,600,True,2025-07-29 17:43:58,R_4s1ms1XbxF2v7tN,anonymous,EN,Yes,Yes,Yes,Yes,2,Electrical and computer systems,Yes,,"Friends/family,Independent research,Monash faculty briefings,Monash staff,Student teams/clubs",,Yes,No,43,49,66,43,33,"Board games,Music,Sports,Other",Martial arts,9,1,2,7,4,11,6,10,5,3,12,8,9,1,2,7,4,11,6,10,5,3,12,8,Academic interests,,,,
2025-07-29 17:50:24,2025-07-29 17:53:07,IP Address,100,162,True,2025-07-29 17:53:07,R_4IQMdQm2dnNkd6p,anonymous,EN,Yes,Yes,Yes,Yes,4,Mechanical,Yes,,"Friends/family,Unit content",,Yes,No,65,51,75,46,73,"Board games,Cars/automotive,Sports,Travelling",,7,8,9,1,3,4,5,10,6,11,12,2,1,4,3,6,5,2,7,8,9,10,11,12,,,,,
2025-07-29 17:16:23,2025-07-29 18:00:16,IP Address,100,2632,True,2025-07-29 18:00:16,R_4lbBUhzSzjs0I9J,anonymous,EN,Yes,Yes,Yes,Yes,2,Materials,Yes,,"Monash faculty briefings,Monash staff,Unit content",,No,,30,25,40,50,35,"Arts and crafts,Gaming,Music,Outdoor activities (e.g. hiking),Travelling",,11,9,4,3,7,12,6,1,5,8,10,2,12,9,5,3,6,11,7,1,4,8,10,2,Academic interests,,,,
2025-07-29 17:52:40,2025-07-29 18:06:43,IP Address,100,842,True,2025-07-29 18:06:43,R_9EAPzXNjbewnJU6,anonymous,EN,Yes,Yes,Yes,Yes,3,Civil,Yes,,"Independent research,Student teams/clubs,Other (please elaborate)",Job availability as an international student,Yes,Yes,62,85,64,51,97,"Arts and crafts,Board games,Cooking/Baking,Gardening,Music,Reading",,3,4,1,5,6,8,2,7,9,10,11,12,3,4,1,5,6,7,2,8,9,10,11,12,Academic interests,,Other (please elaborate),A combination of academic intrest and job opportunities post grad as an international student,
2025-07-29 18:04:53,2025-07-29 18:09:13,IP Address,100,259,True,2025-07-29 18:09:13,R_4IzKzEw759rgq6A,anonymous,EN,Yes,Yes,Yes,Yes,3,Civil,Yes,,"Independent research,Student teams/clubs,Unit content",,Yes,No,68,23,65,63,48,"Board games,Cooking/Baking,Outdoor activities (e.g. hiking),Travelling,Other",,8,11,12,2,7,5,3,6,9,10,4,1,3,8,12,1,7,5,4,9,10,11,6,2,Personality,,,,
2025-07-29 18:08:57,2025-07-29 18:09:21,IP Address,100,24,True,2025-07-29 18:09:21,R_4cilwcsE5kAsR2x,anonymous,EN,Yes,Yes,Yes,No,,,,,,,,,,,,,,,,,,,,,,,,,,,,,,,,,,,,,,,,,,,,
2025-07-29 18:08:31,2025-07-29 18:09:35,IP Address,100,63,True,2025-07-29 18:09:36,R_9LzICe3iBUy4SmG,anonymous,EN,Yes,Yes,Yes,Yes,1,Electrical and computer systems,No,Civil,Friends/family,,No,,45,49,83,27,47,Board games,,1,2,3,6,4,7,8,5,9,10,11,12,1,2,3,4,5,6,7,8,10,11,9,12,Hobbies,,,,
2025-07-29 18:06:28,2025-07-29 18:09:41,IP Address,100,193,True,2025-07-29 18:09:41,R_4f8vR0HECL8jksV,anonymous,EN,Yes,Yes,Yes,Yes,4+,Civil,Yes,,"Friends/family,Student teams/clubs,Unit content",,No,,68,62,94,84,58,"Board games,Cooking/Baking,Music,Outdoor activities (e.g. hiking)",,12,10,3,4,5,6,7,9,11,2,1,8,11,9,5,4,6,7,2,8,10,1,3,12,Personality,,,,
2025-07-29 18:08:33,2025-07-29 18:16:35,IP Address,100,482,True,2025-07-29 18:16:36,R_4SumuPNTTyLxuoA,anonymous,EN,Yes,Yes,Yes,Yes,2,Mechatronics,Yes,,"Friends/family,Independent research,Monash faculty briefings,Student teams/clubs,Unit content",,Yes,Yes,75,45,76,100,70,"Board games,Cooking/Baking,Programming or other computer-related activities,Reading,Travelling,3D printing",,5,4,6,7,8,9,10,11,12,1,3,2,9,5,7,1,8,10,4,11,12,3,6,2,Hobbies,,Hobbies,,
2025-07-29 18:16:30,2025-07-29 18:16:42,IP Address,100,11,True,2025-07-29 18:16:43,R_4J9F54Ksfhrbx6q,anonymous,EN,Yes,Yes,No,,,,,,,,,,,,,,,,,,,,,,,,,,,,,,,,,,,,,,,,,,,,,
2025-07-29 18:08:02,2025-07-29 18:17:37,IP Address,100,575,True,2025-07-29 18:17:38,R_90dTkvQudAK6IA9,anonymous,EN,Yes,Yes,Yes,Yes,3,Chemical,Yes,,"Independent research,Unit content",,Yes,Yes,50,70,70,65,65,"Cooking/Baking,Gaming,Music,Reading",,1,8,9,12,7,4,2,5,6,10,3,11,1,8,9,12,7,4,2,5,6,10,3,11,Academic interests,,Academic interest,,
2025-07-29 18:06:36,2025-07-29 18:17:58,IP Address,100,681,True,2025-07-29 18:17:59,R_9dL23PW6awpcu0k,anonymous,EN,Yes,Yes,Yes,Yes,2,Aerospace,Yes,,"Friends/family,Independent research,Unit content,Other (please elaborate)",Personal interest,Yes,No,28,70,54,35,18,"Arts and crafts,Board games,Cooking/Baking,Gaming,Lego,Music,Outdoor activities (e.g. hiking),Reading,Travelling",,12,7,2,4,5,1,11,3,10,8,9,6,1,2,4,6,7,8,9,5,10,3,12,11,Academic interests,,,,
2025-07-29 18:20:02,2025-07-29 18:25:02,IP Address,100,299,True,2025-07-29 18:25:03,R_45YJswHnCNKT7Fh,anonymous,EN,Yes,Yes,Yes,Yes,2,Electrical and computer systems,Yes,,"Independent research,Monash faculty briefings,Monash staff,Student teams/clubs,Unit content,Other (please elaborate)",Future job possibilities,Yes,Yes,53,68,91,83,88,"Arts and crafts,Music,Outdoor activities (e.g. hiking),Reading,Travelling",,5,2,7,4,8,9,3,10,11,1,6,12,5,2,6,7,8,9,3,4,10,1,11,12,Other (please elaborate),Future job field I would like to work in,Personality,,
2025-07-29 18:23:40,2025-07-29 18:27:54,IP Address,100,254,True,2025-07-29 18:27:54,R_9y3BpcMghKFuH6c,anonymous,EN,Yes,Yes,Yes,Yes,3,Mechanical,Yes,,"Friends/family,Monash staff,Student teams/clubs",,No,,79,79,69,80,52,"Bouldering,Gaming,Music,Reading,Other",Films/TV,5,6,4,7,2,3,8,9,1,10,11,12,5,6,7,8,9,4,1,2,10,11,3,12,Academic interests,,,,
2025-07-29 17:23:52,2025-07-29 18:33:35,IP Address,100,4183,True,2025-07-29 18:33:36,R_4rlDhawP79cztq6,anonymous,EN,Yes,Yes,Yes,Yes,3,Electrical and computer systems,Yes,,"Friends/family,Independent research,Unit content",,Yes,No,70,68,82,83,84,"Cars/automotive,Gaming,Outdoor activities (e.g. hiking)",,12,2,3,5,7,8,4,9,10,1,11,6,2,1,3,5,6,7,4,8,9,10,11,12,Academic interests,,,,
2025-07-29 18:39:01,2025-07-29 18:42:37,IP Address,100,216,True,2025-07-29 18:42:38,R_4AsnvzD2nRXAoal,anonymous,EN,Yes,Yes,Yes,Yes,2,Mechatronics,Yes,,"Friends/family,Independent research",,Yes,Yes,61,54,54,54,67,"Board games,Cooking/Baking,Gaming,Music",,5,6,7,2,8,4,1,9,10,11,12,3,5,7,8,2,9,4,1,10,11,12,6,3,Other (please elaborate),Job opportunities,Other (please elaborate),Job opportunities,
2025-07-29 18:32:48,2025-07-29 18:42:56,IP Address,100,607,True,2025-07-29 18:42:56,R_9mjMhgaIv9kmXTz,anonymous,EN,Yes,Yes,Yes,Yes,1,Mechanical,Yes,,"Friends/family,Independent research,Monash faculty briefings,Unit content,Other (please elaborate)",Optimal combination with commerce degree,No,,90,48,93,85,72,"Cars/automotive,Gaming,Lego,Music,Sports,3D printing",,8,9,11,1,6,5,7,4,12,10,2,3,8,10,11,1,5,4,7,6,12,9,3,2,Other (please elaborate),"Like being adaptable to any situation, and be important  or otherwise all of above ",,,
2025-07-29 18:39:08,2025-07-29 18:43:54,IP Address,100,286,True,2025-07-29 18:43:54,R_4v7zKVOBJvKPLmZ,anonymous,EN,Yes,Yes,Yes,Yes,4,Electrical and computer systems,Yes,,"Independent research,Monash faculty website",,No,,18,81,81,69,69,"Arts and crafts,Cooking/Baking,Programming or other computer-related activities,Reading,Travelling",,12,1,3,11,2,5,7,9,4,6,8,10,12,2,1,10,3,5,7,11,4,6,9,8,Personality,,,,
2025-07-29 18:47:23,2025-07-29 18:47:41,IP Address,100,18,True,2025-07-29 18:47:42,R_93ez0N1kUVFwIru,anonymous,EN,Yes,Yes,No,,,,,,,,,,,,,,,,,,,,,,,,,,,,,,,,,,,,,,,,,,,,,
2025-07-29 18:47:26,2025-07-29 18:47:57,IP Address,100,30,True,2025-07-29 18:47:57,R_4uPekDmE59L3rjk,anonymous,EN,Yes,Yes,No,,,,,,,,,,,,,,,,,,,,,,,,,,,,,,,,,,,,,,,,,,,,,
2025-07-29 19:01:59,2025-07-29 19:02:10,IP Address,100,11,True,2025-07-29 19:02:11,R_9fcVroxjIhrBk4s,anonymous,EN,Yes,Yes,No,,,,,,,,,,,,,,,,,,,,,,,,,,,,,,,,,,,,,,,,,,,,,
2025-07-29 19:18:36,2025-07-29 19:25:49,IP Address,100,432,True,2025-07-29 19:25:49,R_96553mbvXGQVek9,anonymous,EN,Yes,Yes,Yes,Yes,1,Mechatronics,Yes,,"Friends/family,Independent research,Monash faculty website,Unit content",,Yes,Yes,34,45,73,64,32,"Music,Outdoor activities (e.g. hiking),Programming or other computer-related activities,Sports",,12,4,1,7,8,6,11,9,2,3,5,10,12,4,1,7,8,6,11,9,2,3,5,10,Other (please elaborate),Future job security,Personality,,
2025-07-29 19:10:43,2025-07-29 19:30:10,IP Address,100,1166,True,2025-07-29 19:30:10,R_90pgj2JU0Ms1BlL,anonymous,EN,Yes,Yes,Yes,Yes,4,Civil,Yes,,"Friends/family,Independent research,Unit content",,Yes,No,55,38,88,68,34,"Lego,Music,Reading,Sports",,5,6,4,7,8,9,1,3,2,10,11,12,5,6,4,7,8,9,1,3,10,2,11,12,Personality,,,,
2025-07-29 19:37:59,2025-07-29 19:45:18,IP Address,100,439,True,2025-07-29 19:45:18,R_49Ow4PX2KQVCBvr,anonymous,EN,Yes,Yes,Yes,Yes,2,Materials,Yes,,"Friends/family,Independent research,Unit content",,No,,60,30,70,35,75,"Lego,Outdoor activities (e.g. hiking),Programming or other computer-related activities,Sports,3D printing",,11,2,3,1,8,5,7,4,9,10,12,6,12,1,2,4,5,3,11,6,8,10,7,9,Academic interests,,,,
2025-07-29 19:39:41,2025-07-29 19:46:02,IP Address,100,381,True,2025-07-29 19:46:03,R_9z5vhj2H12K7hjc,anonymous,EN,Yes,Yes,Yes,Yes,2,Mechatronics,Yes,,"Independent research,Monash faculty briefings,Monash faculty website,Student teams/clubs,Unit content,Other (please elaborate)",Overall I just knew that I was just passionate about this field,Yes,No,44,33,66,62,50,"Cooking/Baking,Music,Outdoor activities (e.g. hiking),Reading,Sports",,6,2,8,7,9,4,3,10,11,1,12,5,5,2,6,7,8,4,3,9,10,1,11,12,Personality,,,,
2025-07-29 19:43:47,2025-07-29 19:52:39,IP Address,100,531,True,2025-07-29 19:52:40,R_9KBZbVof0KvGpUh,anonymous,EN,Yes,Yes,Yes,Yes,2,Aerospace,Yes,,"Friends/family,Independent research,Student teams/clubs,Unit content",,Yes,Yes,95,85,84,69,97,"Arts and crafts,Bouldering,Gaming,Outdoor activities (e.g. hiking),Programming or other computer-related activities",,12,3,4,7,6,8,9,11,2,1,10,5,12,1,2,5,6,7,8,9,4,10,11,3,Academic interests,,Other (please elaborate),thought electrical had too much content I knew,
2025-07-29 20:05:22,2025-07-29 20:10:58,IP Address,100,335,True,2025-07-29 20:10:58,R_4ESThBzCC53Pn33,anonymous,EN,Yes,Yes,Yes,Yes,1,Mechatronics,Yes,,"Friends/family,Independent research,Unit content",,No,,56,58,55,53,59,"Board games,Gaming,Lego,Music,Travelling",,12,2,1,5,4,7,10,9,3,8,11,6,12,2,1,5,4,7,10,9,3,8,11,6,Academic interests,,,,
2025-07-29 20:14:48,2025-07-29 20:20:39,IP Address,100,350,True,2025-07-29 20:20:39,R_4TyE6rxUtcOUtNs,anonymous,EN,Yes,Yes,Yes,Yes,2,Mechatronics,Yes,,"Friends/family,Student teams/clubs,Unit content",,Yes,Yes,53,53,66,73,50,"Cars/automotive,Cooking/Baking,Music,Reading",,12,2,1,8,5,9,10,11,4,3,6,7,12,2,1,8,5,6,10,9,4,3,7,11,Academic interests,,Academic interest,,
2025-07-29 20:46:52,2025-07-29 20:47:24,IP Address,100,32,True,2025-07-29 20:47:25,R_4zq2xMuxTe6dw5C,anonymous,EN,Yes,Yes,No,,,,,,,,,,,,,,,,,,,,,,,,,,,,,,,,,,,,,,,,,,,,,
2025-07-29 16:47:06,2025-07-29 21:05:52,IP Address,100,15525,True,2025-07-29 21:05:52,R_4ohzrmhy0n76KsG,anonymous,EN,Yes,Yes,Yes,Yes,2,Mechanical,Yes,,"Friends/family,Independent research,Student teams/clubs",,Yes,No,41,41,44,54,35,"Cars/automotive,Gaming,Lego,Music,Outdoor activities (e.g. hiking)",,10,3,8,2,11,7,9,4,12,6,5,1,9,3,4,2,12,6,8,10,11,5,7,1,Other (please elaborate),planned career path,,,
2025-07-29 21:07:55,2025-07-29 21:08:08,IP Address,100,12,True,2025-07-29 21:08:08,R_914dXjUSQwwvQE9,anonymous,EN,Yes,Yes,No,,,,,,,,,,,,,,,,,,,,,,,,,,,,,,,,,,,,,,,,,,,,,
2025-07-29 21:08:30,2025-07-29 21:08:42,IP Address,100,11,True,2025-07-29 21:08:42,R_9AouPNwQECZ2Ksh,anonymous,EN,Yes,Yes,No,,,,,,,,,,,,,,,,,,,,,,,,,,,,,,,,,,,,,,,,,,,,,
2025-07-29 21:04:40,2025-07-29 21:11:13,IP Address,100,393,True,2025-07-29 21:11:14,R_4czst13B4RuBMNm,anonymous,EN,Yes,Yes,Yes,Yes,2,Biomedical,Yes,,"Friends/family,Independent research",,Yes,No,30,55,55,69,55,"Arts and crafts,Cooking/Baking,Music,Reading",,12,5,2,7,3,8,1,6,4,9,10,11,12,5,2,7,3,8,1,6,4,9,10,11,Academic interests,,,,
2025-07-29 21:17:28,2025-07-29 21:17:43,IP Address,100,15,True,2025-07-29 21:17:44,R_9eLSFta6niRUkFU,anonymous,EN,Yes,Yes,No,,,,,,,,,,,,,,,,,,,,,,,,,,,,,,,,,,,,,,,,,,,,,
2025-07-29 21:11:06,2025-07-29 21:27:28,IP Address,100,982,True,2025-07-29 21:27:29,R_9UNNgU4hAotGmWJ,anonymous,EN,Yes,Yes,Yes,Yes,3,Mechanical,Yes,,"Independent research,Monash faculty briefings,Monash faculty website",,Yes,No,41,36,47,53,39,"Bouldering,Gaming,Music,Sports",,12,10,4,1,5,8,11,9,3,7,6,2,12,10,4,1,5,8,11,9,3,7,6,2,Personality,,,,
2025-07-29 21:30:38,2025-07-29 21:34:30,IP Address,100,231,True,2025-07-29 21:34:30,R_4EtI4dwOzanWQBZ,anonymous,EN,Yes,Yes,Yes,Yes,1,Mechatronics,Yes,,"Independent research,Student teams/clubs,Unit content",,Yes,No,43,54,53,55,63,"Arts and crafts,Music",,8,1,2,9,10,4,6,7,11,3,12,5,5,1,2,6,7,4,8,9,10,3,11,12,Hobbies,,,,
2025-07-29 21:49:26,2025-07-29 21:53:46,IP Address,100,259,True,2025-07-29 21:53:46,R_9A3hjoQvGsGOXNT,anonymous,EN,Yes,Yes,Yes,Yes,3,Mechatronics,Yes,,"Friends/family,Unit content",,Yes,Yes,68,77,71,88,45,"Bouldering,Gaming,Reading",,9,1,2,6,7,8,10,11,3,4,12,5,9,1,3,2,4,6,7,10,8,5,11,12,Academic interests,,Academic interest,,
2025-07-29 21:53:37,2025-07-29 21:57:18,IP Address,100,221,True,2025-07-29 21:57:19,R_4eFjRTS5FJvjaox,anonymous,EN,Yes,Yes,Yes,Yes,2,Electrical and computer systems,Yes,,"Friends/family,Independent research,Unit content",,Yes,No,3,51,68,92,28,"Board games,Cooking/Baking,Gardening,Programming or other computer-related activities,Reading",,9,2,1,3,5,7,8,10,11,4,12,6,9,1,2,4,5,6,8,10,11,3,12,7,Hobbies,,,,
2025-07-29 22:03:18,2025-07-29 22:06:20,IP Address,100,182,True,2025-07-29 22:06:20,R_98zYYhr6LpSH4mf,anonymous,EN,Yes,Yes,Yes,Yes,2,Electrical and computer systems,Yes,,"Friends/family,Independent research,Unit content",,No,,0,13,81,40,40,"Board games,Bouldering,Cooking/Baking,Music,Outdoor activities (e.g. hiking),Reading,Other",Martial Arts,8,2,1,5,6,9,10,11,3,4,12,7,6,1,2,5,7,8,9,10,3,4,11,12,Academic interests,,,,
2025-07-29 22:12:05,2025-07-29 22:31:43,IP Address,100,1177,True,2025-07-29 22:31:43,R_4nAVyb5mynzT0Zj,anonymous,EN,Yes,Yes,Yes,Yes,2,Chemical,Yes,,"Friends/family,Independent research",,Yes,No,50,58,74,52,47,"Arts and crafts,Cooking/Baking,Music,Outdoor activities (e.g. hiking),Travelling",,3,7,6,8,1,10,4,9,2,12,11,5,1,8,6,7,5,11,2,9,4,10,12,3,Academic interests,,,,
2025-07-29 22:34:19,2025-07-29 22:34:34,IP Address,100,15,True,2025-07-29 22:34:34,R_4KrZHrhaBJQCyhX,anonymous,EN,Yes,Yes,No,,,,,,,,,,,,,,,,,,,,,,,,,,,,,,,,,,,,,,,,,,,,,
2025-07-29 22:30:30,2025-07-29 22:51:53,IP Address,100,1282,True,2025-07-29 22:51:54,R_9DFEGNI5U5O35Jo,anonymous,EN,Yes,Yes,Yes,Yes,3,Aerospace,Yes,,Independent research,,Yes,No,44,27,58,52,30,"Gaming,3D printing",,12,6,4,1,10,3,5,9,8,11,7,2,12,6,4,1,10,3,5,9,8,11,7,2,Academic interests,,,,
2025-07-30 00:59:04,2025-07-30 00:59:21,IP Address,100,16,True,2025-07-30 00:59:22,R_9lQvEcXjXvUVgdj,anonymous,EN,Yes,Yes,No,,,,,,,,,,,,,,,,,,,,,,,,,,,,,,,,,,,,,,,,,,,,,
2025-07-30 08:10:24,2025-07-30 08:15:50,IP Address,100,326,True,2025-07-30 08:15:51,R_4comUzSyB63TVb8,anonymous,EN,Yes,Yes,Yes,Yes,1,Chemical,Yes,,"Independent research,Monash faculty website,Unit content,Other (please elaborate)",It was required of my double degree,Yes,No,64,39,53,71,52,"Arts and crafts,Bouldering,Cooking/Baking,Gaming,Music,Outdoor activities (e.g. hiking),Reading,Travelling",,4,5,3,2,1,7,8,9,10,11,12,6,2,5,4,3,1,6,7,8,9,10,11,12,Academic interests,,,,
2025-07-30 10:02:23,2025-07-30 10:16:04,IP Address,100,820,True,2025-07-30 10:16:04,R_4rATFnffpkQvRhn,anonymous,EN,Yes,Yes,Yes,Yes,4+,Electrical and computer systems,Yes,,"Independent research,Unit content",,Yes,Yes,74,73,37,52,58,"Cars/automotive,Gaming,Music,Outdoor activities (e.g. hiking),Reading",,12,1,2,7,3,8,11,10,5,4,9,6,12,1,2,7,3,8,11,10,5,4,9,6,Academic interests,,Academic interest,,
2025-07-30 10:18:44,2025-07-30 10:25:38,IP Address,100,414,True,2025-07-30 10:25:38,R_4zAUk7kuwK3sBvX,anonymous,EN,Yes,Yes,Yes,Yes,4,Civil,Yes,,"Friends/family,Independent research,Monash faculty website,Unit content",,Yes,Yes,50,74,69,96,56,"Cars/automotive,Gaming,Outdoor activities (e.g. hiking),Reading,Travelling",,10,11,12,7,2,6,5,8,1,9,4,3,10,11,12,7,2,6,5,9,1,8,4,3,Academic interests,,Academic interest,,
2025-07-30 10:09:42,2025-07-30 10:30:06,IP Address,100,1223,True,2025-07-30 10:30:06,R_400nDhXk4lXRciD,anonymous,EN,Yes,Yes,Yes,Yes,3,Civil,Yes,,Independent research,,Yes,No,81,67,50,54,69,"Cars/automotive,Cooking/Baking,Music,Outdoor activities (e.g. hiking),Sports,Travelling",,12,9,2,1,3,7,10,11,5,8,6,4,5,6,1,2,3,7,10,8,9,11,12,4,Personality,,,,
2025-07-30 10:01:35,2025-07-30 10:41:28,IP Address,100,2393,True,2025-07-30 10:41:28,R_9xZ00KQ2pYZd5m1,anonymous,EN,Yes,Yes,Yes,Yes,3,Mechanical,Yes,,"Friends/family,Independent research,Unit content",,No,,57,39,74,70,74,"Arts and crafts,Board games,Music,Outdoor activities (e.g. hiking),Sports",,11,2,7,1,10,9,5,6,8,4,12,3,12,2,11,1,10,8,5,7,9,4,6,3,Academic interests,,,,
2025-07-30 11:06:16,2025-07-30 11:09:09,IP Address,100,172,True,2025-07-30 11:09:10,R_92KfNjNTaAr1Tr8,qr,EN,Yes,Yes,Yes,Yes,3,Mechatronics,Yes,,"Friends/family,Independent research,Monash faculty website",,Yes,No,94,90,83,89,95,"Cars/automotive,Gaming,Lego,Music,Sports",,6,1,5,2,9,7,8,4,3,10,11,12,5,7,4,6,9,1,2,8,10,3,11,12,Academic interests,,,,
2025-07-30 11:23:28,2025-07-30 11:27:58,IP Address,100,270,True,2025-07-30 11:27:58,R_94FS7QHoRoM1eTU,anonymous,EN,Yes,Yes,Yes,Yes,3,Electrical and computer systems,Yes,,"Friends/family,Independent research,Monash faculty website",,No,,28,70,59,52,39,"Bouldering,Gaming,Programming or other computer-related activities,Reading",,5,2,1,7,3,8,6,9,10,4,11,12,5,2,1,8,3,6,7,9,10,4,11,12,Academic interests,,,,
2025-07-30 11:26:36,2025-07-30 11:33:45,IP Address,100,428,True,2025-07-30 11:33:45,R_9lDoV36hjotCwx7,anonymous,EN,Yes,Yes,Yes,Yes,2,Mechanical,Yes,,"Friends/family,Independent research,Monash faculty website,Unit content",,Yes,No,37,42,69,64,42,"Gaming,Music,Programming or other computer-related activities",,10,7,1,5,8,3,11,12,2,9,4,6,10,7,1,5,8,3,11,12,2,9,4,6,Academic interests,,,,
2025-07-30 11:13:02,2025-07-30 11:45:19,IP Address,100,1936,True,2025-07-30 11:45:19,R_9BmNMx86dZSISUz,anonymous,EN,Yes,Yes,Yes,Yes,4+,Mechatronics,Yes,,"Friends/family,Monash faculty website,Unit content",,Yes,Yes,68,22,88,67,57,"Music,Reading,Sports,Travelling,Other",Podcasts,12,2,6,10,9,4,7,5,1,3,8,11,12,2,6,10,9,4,7,5,1,3,8,11,Academic interests,,Academic interest,,
2025-07-30 11:35:27,2025-07-30 11:55:48,IP Address,100,1220,True,2025-07-30 11:55:48,R_4DiS2WcJRiAYlhj,anonymous,EN,Yes,Yes,Yes,Yes,4+,Environmental,Yes,,"Friends/family,Independent research",,Yes,No,28,49,61,66,42,"Arts and crafts,Cooking/Baking,Music,Programming or other computer-related activities,Travelling",,6,4,1,7,2,8,9,10,3,5,11,12,5,4,1,6,2,7,8,9,3,10,11,12,Personality,,,,
2025-07-29 19:50:56,2025-07-30 12:07:12,IP Address,100,58576,True,2025-07-30 12:07:13,R_9pFglqEcofL84rR,anonymous,EN,Yes,Yes,Yes,Yes,2,Mechanical,Yes,,Friends/family,,Yes,No,44,48,59,37,29,"Arts and crafts,Reading,Sports,Travelling",,12,5,1,2,8,6,3,9,10,11,7,4,12,5,2,1,9,4,7,11,10,8,6,3,Academic interests,,,,
2025-07-30 12:18:37,2025-07-30 12:27:22,IP Address,100,524,True,2025-07-30 12:27:22,R_4ogkyQBrcDCIv1T,anonymous,EN,Yes,Yes,Yes,Yes,1,Mechanical,Yes,,"Friends/family,Independent research,Unit content",,Yes,Yes,44,51,33,68,23,"Arts and crafts,Gaming,Reading",,12,6,5,1,8,7,3,10,4,9,11,2,3,5,6,1,7,8,9,4,10,11,12,2,Academic interests,,Academic interest,,
2025-07-30 13:28:37,2025-07-30 13:32:45,IP Address,100,247,True,2025-07-30 13:32:46,R_9dmf6QfJyuOpyXR,anonymous,EN,Yes,Yes,Yes,Yes,1,Biomedical,Yes,,"Independent research,Monash faculty website",,Yes,No,50,60,70,69,50,"Arts and crafts,Cooking/Baking,Music,Outdoor activities (e.g. hiking),Reading,Travelling,3D printing",,12,4,3,1,6,10,8,7,2,9,11,5,12,4,3,1,7,10,9,8,2,6,11,5,Academic interests,,,,
2025-07-30 11:35:06,2025-07-30 13:37:53,IP Address,100,7367,True,2025-07-30 13:37:53,R_9ekTBbu92KTBSuI,anonymous,EN,Yes,Yes,Yes,Yes,3,Electrical and computer systems,Yes,,"Friends/family,Independent research,Monash faculty briefings",,No,,52,28,54,39,41,"Cooking/Baking,Gaming,Outdoor activities (e.g. hiking),Reading,Travelling",,6,1,3,2,7,9,5,10,11,4,12,8,5,1,3,2,6,7,8,9,10,4,11,12,Academic interests,,,,
2025-07-30 12:23:39,2025-07-30 13:53:44,IP Address,100,5404,True,2025-07-30 13:53:44,R_4ke19epxdS3uVT8,anonymous,EN,Yes,Yes,Yes,Yes,2,Mechanical,Yes,,"Friends/family,Independent research,Monash faculty briefings,Monash staff",,Yes,No,58,31,54,72,43,"Gaming,Music",,5,6,10,1,11,4,3,12,8,9,7,2,5,6,7,1,8,9,2,10,11,12,4,3,Academic interests,,,,
2025-07-30 14:05:23,2025-07-30 14:11:55,IP Address,100,391,True,2025-07-30 14:11:55,R_4kEOOerlrnUuB02,anonymous,EN,Yes,Yes,Yes,Yes,1,Civil,Yes,,"Friends/family,Independent research,Unit content",,Yes,No,51,52,53,52,53,"Cooking/Baking,Gaming,Lego,Sports",,7,8,9,1,4,10,6,5,11,12,2,3,5,6,7,1,3,8,9,10,11,12,4,2,Hobbies,,,,
2025-07-30 14:37:08,2025-07-30 14:40:36,IP Address,100,208,True,2025-07-30 14:40:36,R_4OvPpB7jFlNSwyx,anonymous,EN,Yes,Yes,Yes,Yes,2,Civil,Yes,,"Friends/family,Independent research,Unit content",,Yes,No,77,90,93,90,56,"Board games,Gaming,Lego,Sports,Travelling",,3,5,6,1,7,8,2,4,9,10,11,12,3,7,12,2,9,5,1,4,10,8,11,6,Personality,,,,
2025-07-30 14:48:40,2025-07-30 14:53:08,IP Address,100,267,True,2025-07-30 14:53:08,R_4n9hKubmG48qGlN,anonymous,EN,Yes,Yes,Yes,Yes,1,Civil,Yes,,"Friends/family,Independent research,Monash faculty briefings,Monash staff,Student teams/clubs",,Yes,No,36,59,58,66,58,"Gaming,Music,Sports",,5,1,2,3,4,8,10,11,9,12,7,6,6,10,4,3,7,8,1,9,2,11,12,5,Personality,,,,
2025-07-30 15:09:54,2025-07-30 15:10:20,IP Address,100,25,True,2025-07-30 15:10:20,R_9eQJVZt9auURvrl,anonymous,EN,Yes,Yes,No,,,,,,,,,,,,,,,,,,,,,,,,,,,,,,,,,,,,,,,,,,,,,
2025-07-30 15:34:57,2025-07-30 15:41:05,IP Address,100,367,True,2025-07-30 15:41:05,R_4U87MbEz5eCxLah,anonymous,EN,Yes,Yes,Yes,Yes,3,Civil,Yes,,"Student teams/clubs,Unit content",,Yes,No,45,48,51,52,55,"Board games,Cooking/Baking,Reading",,6,7,2,5,4,12,9,10,11,3,8,1,9,2,1,3,7,10,6,11,8,4,12,5,Personality,,,,
2025-07-30 16:14:00,2025-07-30 16:54:57,IP Address,100,2456,True,2025-07-30 16:54:57,R_9Adz4wVHljUOFYl,anonymous,EN,Yes,Yes,Yes,Yes,1,Civil,Yes,,"Friends/family,Independent research,Unit content",,Yes,No,65,73,40,49,41,"Arts and crafts,Board games,Cooking/Baking,Lego,Reading",,10,12,11,5,6,7,3,4,8,9,1,2,3,2,1,8,7,6,10,9,5,4,12,11,Academic interests,,,,
2025-07-30 17:21:51,2025-07-30 17:29:42,IP Address,100,471,True,2025-07-30 17:29:43,R_4Hib5HbmRuSM0ks,anonymous,EN,Yes,Yes,Yes,Yes,2,Civil,Yes,,"Friends/family,Student teams/clubs",,Yes,No,53,47,54,60,38,"Board games,Gaming,Music",,10,11,3,5,8,2,6,9,4,12,1,7,10,11,3,5,8,2,6,9,4,12,1,7,Academic interests,,,,
2025-07-30 17:25:35,2025-07-30 17:31:27,IP Address,100,351,True,2025-07-30 17:31:28,R_9xEMpniMvUnpEO7,anonymous,EN,Yes,Yes,Yes,Yes,1,Civil,Yes,,"Friends/family,Independent research,Unit content",,No,,49,61,64,70,67,"Gaming,Sports,Other",Anime,8,1,2,6,10,11,4,9,3,7,12,5,8,1,2,6,10,11,4,9,3,7,12,5,Other (please elaborate),Seemed more interesting and closer to what I wanted to do in mind,,,
2025-07-30 17:38:18,2025-07-30 17:43:13,IP Address,100,294,True,2025-07-30 17:43:13,R_9TxcEUGaDPZ0Hbb,anonymous,EN,Yes,Yes,Yes,Yes,1,Mechanical,Yes,,"Friends/family,Independent research,Monash faculty website,Unit content",,No,,45,93,42,67,55,"Arts and crafts,Board games,Cars/automotive,Cooking/Baking,Gaming,Lego,Music",,6,5,7,8,3,1,10,9,4,11,2,12,5,6,7,8,2,1,9,10,3,11,4,12,Academic interests,,,,
2025-07-30 18:26:30,2025-07-30 18:43:09,IP Address,100,999,True,2025-07-30 18:43:10,R_9nO89vS3CNHngMg,anonymous,EN,Yes,Yes,Yes,Yes,2,Electrical and computer systems,Yes,,"Friends/family,Independent research,Monash faculty briefings,Monash faculty website",,Yes,Yes,55,35,67,78,48,"Bouldering,Gardening,Music,Outdoor activities (e.g. hiking),Reading,Sports",,10,1,2,4,6,7,9,12,8,5,11,3,10,1,2,4,6,7,9,12,8,5,11,3,Academic interests,,Academic interest,,
2025-07-30 18:59:40,2025-07-30 19:07:33,IP Address,100,473,True,2025-07-30 19:07:34,R_4383m1MW1SbMyVc,anonymous,EN,Yes,Yes,Yes,Yes,2,Civil,Yes,,"Friends/family,Independent research,Unit content",,No,,80,30,85,85,90,"Cars/automotive,Lego,Music,Outdoor activities (e.g. hiking),Sports,Travelling",,6,5,4,1,8,9,10,2,7,11,12,3,5,6,4,1,7,9,8,2,10,11,12,3,Academic interests,,,,
2025-07-30 20:58:31,2025-07-30 21:05:50,IP Address,100,438,True,2025-07-30 21:05:50,R_4OHdJATtQsmx5Pz,anonymous,EN,Yes,Yes,Yes,Yes,2,Mechanical,Yes,,"Friends/family,Monash staff,Student teams/clubs,Unit content",,No,,68,56,48,43,33,"Board games,Bouldering,Music,Outdoor activities (e.g. hiking),Sports,Travelling",,11,7,1,6,12,2,8,4,3,10,5,9,3,9,2,4,7,6,8,5,1,10,11,12,Academic interests,,,,
2025-07-31 00:28:35,2025-07-31 00:35:29,IP Address,100,413,True,2025-07-31 00:35:29,R_4JsZJdmh92rhMwI,anonymous,EN,Yes,Yes,Yes,Yes,2,Electrical and computer systems,Yes,,"Friends/family,Independent research",,Yes,No,85,51,52,16,48,"Arts and crafts,Cooking/Baking,Gaming,Music,Sports",,9,2,1,4,7,10,8,6,11,5,12,3,3,1,2,7,8,9,4,10,11,5,12,6,Academic interests,,,,
2025-07-31 10:20:18,2025-07-31 10:42:00,IP Address,100,1301,True,2025-07-31 10:42:00,R_9fy4c8Ovdl8Bm6F,anonymous,EN,Yes,Yes,Yes,Yes,4+,Civil,Yes,,Independent research,,No,,40,38,49,85,81,"Arts and crafts,Bouldering",,2,3,4,1,5,6,7,8,9,10,11,12,1,2,4,5,6,7,3,8,9,10,11,12,Academic interests,,,,
2025-07-31 11:36:20,2025-07-31 11:41:46,IP Address,100,326,True,2025-07-31 11:41:47,R_4OwTIEOXra0utNj,anonymous,EN,Yes,Yes,Yes,Yes,1,Mechanical,Yes,,"Independent research,Monash faculty website,Student teams/clubs,Unit content",,Yes,Yes,33,49,54,62,58,"Bouldering,Outdoor activities (e.g. hiking),Reading,Sports",,2,3,4,5,6,7,1,8,9,10,11,12,7,5,4,8,9,3,1,2,6,10,11,12,Other (please elaborate),Career aspirations,Other (please elaborate),Career aspirations,
2025-07-31 13:13:14,2025-07-31 13:13:29,IP Address,100,15,True,2025-07-31 13:13:30,R_4u48VDub4nMZti9,anonymous,EN,Yes,Yes,No,,,,,,,,,,,,,,,,,,,,,,,,,,,,,,,,,,,,,,,,,,,,,
2025-07-31 13:15:07,2025-07-31 13:22:52,IP Address,100,465,True,2025-07-31 13:22:53,R_9oBHW5jcGLEzsy4,anonymous,EN,Yes,Yes,Yes,Yes,1,Mechatronics,Yes,,"Independent research,Unit content",,Yes,No,66,45,84,80,68,"Arts and crafts,Outdoor activities (e.g. hiking),Sports,Other",Martial Arts,8,4,3,5,12,6,1,11,9,7,10,2,11,3,4,5,12,7,1,8,9,6,10,2,Academic interests,,,,
2025-07-31 14:26:10,2025-07-31 14:31:29,IP Address,100,318,True,2025-07-31 14:31:30,R_9xLElohogLfA6p5,anonymous,EN,Yes,Yes,Yes,Yes,1,Electrical and computer systems,Yes,,"Friends/family,Independent research,Monash faculty briefings,Monash faculty website,Unit content",,Yes,No,43,64,90,46,55,"Bouldering,Cooking/Baking,Gaming,Gardening,Reading",,5,1,6,3,4,7,8,9,2,10,11,12,6,3,5,2,4,7,8,9,1,10,11,12,Academic interests,,,,
2025-07-30 13:49:31,2025-07-31 16:39:29,IP Address,100,96597,True,2025-07-31 16:39:29,R_4PAJ4ZwQNFeSLqV,anonymous,EN,Yes,Yes,Yes,Yes,4+,Civil,Yes,,"Friends/family,Unit content",,No,,74,78,89,100,100,Sports,,10,2,1,3,4,6,7,5,8,9,11,12,2,6,1,5,4,3,8,7,9,10,11,12,Other (please elaborate),"Just overall connected with my own interests, job prospects and academic capabilities",,,
2025-07-31 19:27:27,2025-07-31 20:22:17,IP Address,100,3290,True,2025-07-31 20:22:18,R_4wUeSBbbveItCeZ,anonymous,EN,Yes,Yes,Yes,Yes,1,Mechanical,Yes,,"Independent research,Monash faculty briefings,Unit content",,Yes,No,39,55,67,76,58,"Arts and crafts,Board games,Lego,Music,Reading,Sports,Travelling",,12,11,2,1,8,4,6,5,7,10,9,3,12,9,2,1,6,4,8,5,10,11,7,3,Academic interests,,,,
2025-07-31 23:23:52,2025-07-31 23:27:01,IP Address,100,189,True,2025-07-31 23:27:02,R_4qWkC7H5XFigJFQ,anonymous,EN,Yes,Yes,Yes,Yes,2,Electrical and computer systems,Yes,,"Independent research,Monash faculty website,Unit content,Other (please elaborate)",online research,No,,50,57,66,79,77,"Arts and crafts,Music,Outdoor activities (e.g. hiking),Programming or other computer-related activities,Reading",,5,2,1,7,4,8,6,10,9,3,11,12,12,2,1,5,4,9,8,10,7,3,11,6,Academic interests,,,,
2025-08-01 12:42:59,2025-08-01 12:57:06,IP Address,100,847,True,2025-08-01 12:57:07,R_41mdh3KEn8CJC0d,anonymous,EN,Yes,Yes,Yes,Yes,4+,Materials,No,Biomedical,"Friends/family,Independent research,Student teams/clubs,Unit content",,Yes,No,67,28,85,70,40,"Arts and crafts,Cooking/Baking,Outdoor activities (e.g. hiking),Reading,Sports",,9,2,3,4,7,10,6,1,11,12,8,5,9,6,4,3,7,10,2,1,11,12,8,5,Academic interests,,,,
2025-08-02 13:11:08,2025-08-02 13:23:36,IP Address,100,747,True,2025-08-02 13:23:36,R_9s4HYG9WY3Dj9D4,anonymous,EN,Yes,Yes,Yes,Yes,3,Civil,Yes,,"Friends/family,Independent research",,Yes,No,50,45,61,54,62,"Outdoor activities (e.g. hiking),Sports,Travelling",,1,2,3,4,5,6,7,8,9,10,11,12,7,5,1,6,8,3,2,10,4,9,11,12,Academic interests,,,,
2025-08-05 11:56:59,2025-08-05 12:02:45,IP Address,100,346,True,2025-08-05 12:02:45,R_9istTCK3EcbYs2c,anonymous,EN,Yes,Yes,Yes,Yes,1,Electrical and computer systems,Yes,,"Friends/family,Independent research,Monash faculty briefings,Monash faculty website,Monash staff,Student teams/clubs,Unit content",,Yes,Yes,60,80,80,100,93,"Gaming,Music,Sports,Travelling",,12,4,1,5,10,9,11,7,3,2,6,8,12,4,1,5,10,8,11,9,3,2,6,7,Academic interests,,Academic interest,,
2025-07-29 15:34:28,2025-07-29 15:38:51,IP Address,0,263,False,2025-08-05 15:38:58,R_4rYxG3wc1whIJwX,anonymous,EN,Yes,,,,,,,,,,,,,,,,,,,,,,,,,,,,,,,,,,,,,,,,,,,,,,,
2025-07-29 15:40:55,2025-07-29 15:41:19,IP Address,10,24,False,2025-08-05 15:41:22,R_4fJ0Nn8aXRSxqEE,anonymous,EN,Yes,,,,,,,,,,,,,,,,,,,,,,,,,,,,,,,,,,,,,,,,,,,,,,,
2025-07-29 15:51:52,2025-07-29 15:56:55,IP Address,57,303,False,2025-08-05 15:57:10,R_4CiDZ5piFZFm4x3,anonymous,EN,Yes,Yes,Yes,Yes,4+,Mechatronics,Yes,,"Independent research,Monash staff,Unit content",,No,,,,,,,,,,,,,,,,,,,,,,,,,,,,,,,,,,,,,
2025-07-29 16:32:13,2025-07-29 16:33:05,IP Address,38,51,False,2025-08-05 16:33:05,R_4dz1hhJ09ZLjDoJ,anonymous,EN,Yes,Yes,Yes,Yes,2,Electrical and computer systems,Yes,,,,,,,,,,,,,,,,,,,,,,,,,,,,,,,,,,,,,,,,,
2025-07-29 16:34:30,2025-07-29 16:35:21,IP Address,57,51,False,2025-08-05 16:35:22,R_9zqBuLBKAbG18tP,anonymous,EN,Yes,Yes,Yes,Yes,3,Electrical and computer systems,Yes,,"Friends/family,Monash faculty briefings",,Yes,No,,,,,,,,,,,,,,,,,,,,,,,,,,,,,,,,,,,,
2025-07-29 16:38:55,2025-07-29 16:42:42,IP Address,57,227,False,2025-08-05 16:42:46,R_4uQchzo0ODgqaFZ,anonymous,EN,Yes,Yes,Yes,Yes,2,Mechatronics,Yes,,"Friends/family,Independent research,Monash faculty website,Unit content",,Yes,Yes,,,,,,,,,,,,,,,,,,,,,,,,,,,,,,,,,,,,
2025-07-29 16:49:20,2025-07-29 16:50:05,IP Address,38,44,False,2025-08-05 16:50:10,R_9Rz73bHHqEPTCi9,anonymous,EN,Yes,Yes,Yes,Yes,1,Chemical,Yes,,,,,,,,,,,,,,,,,,,,,,,,,,,,,,,,,,,,,,,,,
2025-07-29 16:56:57,2025-07-29 16:57:42,IP Address,57,45,False,2025-08-05 16:57:43,R_9dzQ6kNHKw1DUXg,anonymous,EN,Yes,Yes,Yes,Yes,2,Electrical and computer systems,Yes,,"Friends/family,Independent research",,Yes,No,,,,,,,,,,,,,,,,,,,,,,,,,,,,,,,,,,,,
2025-07-29 16:43:37,2025-07-29 17:03:11,IP Address,95,1174,False,2025-08-05 17:03:14,R_9jUHvvPhejalVhd,anonymous,EN,Yes,Yes,Yes,Yes,4+,Electrical and computer systems,Yes,,"Independent research,Monash faculty briefings,Unit content",,No,,61,30,71,78,59,"Bouldering,Cooking/Baking,Outdoor activities (e.g. hiking),Reading",,5,6,7,8,9,10,1,2,4,3,11,12,6,7,3,8,4,9,1,5,10,2,11,12,Academic interests,,,,
2025-07-29 17:04:11,2025-07-29 17:04:45,IP Address,57,33,False,2025-08-05 17:04:47,R_4EpffEFPVNsVYOs,anonymous,EN,Yes,Yes,Yes,Yes,4+,Chemical,Yes,,"Independent research,Unit content",,Yes,Yes,,,,,,,,,,,,,,,,,,,,,,,,,,,,,,,,,,,,
2025-07-29 17:04:25,2025-07-29 17:06:40,IP Address,95,134,False,2025-08-05 17:06:43,R_44DQuoxq530zp1D,anonymous,EN,Yes,Yes,Yes,Yes,2,Civil,Yes,,"Friends/family,Independent research,Unit content",,No,,30,80,65,63,57,"Board games,Gaming,Outdoor activities (e.g. hiking),Reading,Sports",,5,2,6,7,8,3,9,10,11,4,12,1,1,2,3,4,5,6,7,8,9,10,11,12,Personality,,,,
2025-07-29 17:05:02,2025-07-29 17:07:51,IP Address,95,168,False,2025-08-05 17:07:53,R_9IWukTxdIr6lF6P,anonymous,EN,Yes,Yes,Yes,Yes,4+,Civil,Yes,,"Independent research,Unit content",,No,,50,38,92,66,81,"Cooking/Baking,Music,Outdoor activities (e.g. hiking),Reading,Travelling",,3,5,1,6,7,8,9,2,4,10,11,12,3,5,1,6,7,8,9,2,4,10,11,12,Academic interests,,,,
2025-07-29 17:05:59,2025-07-29 17:09:39,IP Address,95,220,False,2025-08-05 17:09:39,R_4MMWvZagGV3lOB9,anonymous,EN,Yes,Yes,Yes,Yes,2,Mechatronics,Yes,,"Friends/family,Monash faculty website",,Yes,No,32,42,44,60,57,"Arts and crafts,Board games,Cooking/Baking,Gardening,Lego,Music,Outdoor activities (e.g. hiking),Programming or other computer-related activities,Travelling",,6,2,5,3,8,7,9,10,11,4,12,1,5,1,3,4,10,6,7,8,9,12,11,2,Personality,,,,
2025-07-29 17:12:30,2025-07-29 17:15:02,IP Address,95,151,False,2025-08-05 17:15:04,R_9Jde472R6H3Qd4R,anonymous,EN,Yes,Yes,Yes,Yes,4,Environmental,Yes,,"Friends/family,Unit content",,Yes,No,48,68,86,88,71,"Arts and crafts,Cooking/Baking,Music,Reading",,2,5,11,6,8,3,4,1,10,9,7,12,2,3,4,5,6,7,8,1,9,10,11,12,Personality,,,,
2025-07-29 17:22:43,2025-07-29 17:23:31,IP Address,57,47,False,2025-08-05 17:23:31,R_4rVLc77xt2AbDSj,anonymous,EN,Yes,Yes,Yes,Yes,2,Civil,Yes,,"Friends/family,Independent research,Monash faculty website,Unit content",,Yes,No,,,,,,,,,,,,,,,,,,,,,,,,,,,,,,,,,,,,
2025-07-29 17:22:58,2025-07-29 17:23:43,IP Address,57,44,False,2025-08-05 17:23:44,R_4q9EONJFACLWWV0,anonymous,EN,Yes,Yes,Yes,Yes,3,Civil,Yes,,"Friends/family,Unit content",,Yes,No,,,,,,,,,,,,,,,,,,,,,,,,,,,,,,,,,,,,
2025-07-29 17:23:57,2025-07-29 17:25:11,IP Address,57,73,False,2025-08-05 17:25:16,R_4LiBEDtjnieEe2G,anonymous,EN,Yes,Yes,Yes,Yes,4+,Aerospace,No,Mechanical,"Friends/family,Independent research",,Yes,No,,,,,,,,,,,,,,,,,,,,,,,,,,,,,,,,,,,,
2025-08-05 17:20:53,2025-08-05 17:26:06,IP Address,100,312,True,2025-08-05 17:26:07,R_4hzpEq9FQrtmNsl,anonymous,EN,Yes,Yes,Yes,Yes,2,Mechanical,Yes,,Independent research,,Yes,No,39,45,33,39,23,"Cars/automotive,Gaming,Lego,Outdoor activities (e.g. hiking),Sports",,2,5,6,3,7,8,9,4,11,10,12,1,5,4,6,2,7,8,3,9,10,11,12,1,Personality,,,,
2025-07-29 17:33:56,2025-07-29 17:36:32,IP Address,95,155,False,2025-08-05 17:36:38,R_9oyDnz51fsJ6DAZ,anonymous,EN,Yes,Yes,Yes,Yes,4+,Electrical and computer systems,Yes,,"Friends/family,Independent research,Unit content",,Yes,No,65,76,86,55,99,"Arts and crafts,Board games,Cars/automotive,Cooking/Baking,Gaming,Music,Outdoor activities (e.g. hiking),Programming or other computer-related activities,Reading,Travelling",,5,3,1,2,4,6,8,7,9,10,11,12,5,3,1,4,2,6,7,8,9,10,11,12,Academic interests,,,,
2025-07-29 17:37:25,2025-07-29 17:38:29,IP Address,57,63,False,2025-08-05 17:38:29,R_9KjOuFssOccN87O,anonymous,EN,Yes,Yes,Yes,Yes,4+,Civil,Yes,,Friends/family,,No,,,,,,,,,,,,,,,,,,,,,,,,,,,,,,,,,,,,,
2025-07-29 17:41:09,2025-07-29 17:45:45,IP Address,95,275,False,2025-08-05 17:45:53,R_9kXLCbANL7DqL1o,anonymous,EN,Yes,Yes,Yes,Yes,2,Mechanical,Yes,,"Friends/family,Independent research,Monash staff,Unit content",,No,,51,21,74,87,77,"Cars/automotive,Outdoor activities (e.g. hiking),Reading,Sports,Travelling",,10,11,12,2,9,6,1,7,3,8,5,4,9,10,12,1,11,7,3,5,4,8,6,2,Personality,,,,
2025-07-29 17:49:53,2025-07-29 17:56:58,IP Address,95,425,False,2025-08-05 17:56:59,R_9Tno5yCNO2CnwsN,anonymous,EN,Yes,Yes,Yes,Yes,3,Environmental,Yes,,"Friends/family,Independent research,Monash faculty website,Monash staff,Unit content",,No,,77,33,56,72,62,"Arts and crafts,Gardening,Music,Reading,Travelling",,4,12,11,3,8,7,5,1,9,6,10,2,5,12,11,1,7,8,3,4,9,6,10,2,Academic interests,,,,
2025-07-29 16:32:58,2025-07-29 17:58:31,IP Address,95,5133,False,2025-08-05 17:58:36,R_4DFPiOZdg9NXJZ0,anonymous,EN,Yes,Yes,Yes,Yes,4+,Electrical and computer systems,Yes,,"Independent research,Monash staff",,No,,80,79,80,79,80,"Cars/automotive,Cooking/Baking,Outdoor activities (e.g. hiking),Sports,Travelling",,6,2,4,5,7,8,9,3,10,1,11,12,5,2,4,6,7,8,9,3,10,1,11,12,Academic interests,,,,
2025-07-29 18:16:12,2025-07-29 18:17:17,IP Address,57,65,False,2025-08-05 18:17:23,R_4iqkmy4LAtk3isj,anonymous,EN,Yes,Yes,Yes,Yes,2,Electrical and computer systems,Yes,,"Friends/family,Student teams/clubs,Unit content",,Yes,No,,,,,,,,,,,,,,,,,,,,,,,,,,,,,,,,,,,,
2025-07-29 18:20:19,2025-07-29 18:20:36,IP Address,24,16,False,2025-08-05 18:20:38,R_9cdTsQ2OAgzh0q6,anonymous,EN,Yes,Yes,Yes,Yes,,,,,,,,,,,,,,,,,,,,,,,,,,,,,,,,,,,,,,,,,,,,
2025-07-29 18:20:39,2025-07-29 18:23:12,IP Address,95,153,False,2025-08-05 18:23:14,R_4CftkubuOrgYgGc,anonymous,EN,Yes,Yes,Yes,Yes,1,Civil,Yes,,"Friends/family,Independent research",,Yes,No,59,20,82,100,18,"Board games,Bouldering,Gaming,Music,Sports",,3,5,6,2,7,8,9,12,10,11,4,1,6,5,12,1,8,9,3,10,11,7,4,2,Personality,,,,
2025-07-29 18:26:41,2025-07-29 18:28:24,IP Address,38,103,False,2025-08-05 18:28:28,R_8QaRjihKJ0JIErn,anonymous,EN,Yes,Yes,Yes,Yes,2,Civil,Yes,,Independent research,,No,,,,,,,,,,,,,,,,,,,,,,,,,,,,,,,,,,,,,
2025-07-29 18:27:13,2025-07-29 18:32:55,IP Address,95,341,False,2025-08-05 18:32:56,R_4Q6nabk7T0exyCC,anonymous,EN,Yes,Yes,Yes,Yes,4+,Electrical and computer systems,Yes,,"Friends/family,Independent research,Unit content",,Yes,Yes,52,53,59,57,57,"Arts and crafts,Board games,Cooking/Baking",,5,1,2,3,7,8,9,10,11,4,12,6,5,1,2,3,7,6,8,9,10,4,11,12,Academic interests,,Academic interest,,
2025-07-29 18:32:11,2025-07-29 18:38:25,IP Address,95,373,False,2025-08-05 18:38:27,R_91ZsKBsGd2wwVms,anonymous,EN,Yes,Yes,Yes,Yes,3,Civil,Yes,,"Friends/family,Independent research",,No,,77,51,76,100,16,"Cars/automotive,Music,Sports,Travelling",,5,2,6,3,7,10,1,9,11,12,8,4,5,2,8,3,6,9,1,10,7,4,11,12,Academic interests,,,,
2025-07-29 18:37:14,2025-07-29 18:39:07,IP Address,71,112,False,2025-08-05 18:39:08,R_9b8jBw9SnPFR0KB,anonymous,EN,Yes,Yes,Yes,Yes,4,Mechatronics,Yes,,"Independent research,Monash staff,Unit content",,No,,92,93,100,90,94,"Cars/automotive,Gaming,Music,Programming or other computer-related activities,Travelling",,,,,,,,,,,,,,,,,,,,,,,,,,,,,,
2025-07-29 18:42:13,2025-07-29 18:45:45,IP Address,95,211,False,2025-08-05 18:45:47,R_4IEFBr7X69QtY5w,qr,EN,Yes,Yes,Yes,Yes,2,Mechanical,Yes,,"Friends/family,Independent research,Monash faculty briefings,Unit content",,Yes,No,54,52,64,74,100,"Cooking/Baking,Music,Outdoor activities (e.g. hiking),Reading,Sports,Travelling",,6,7,8,1,9,3,2,4,11,5,12,10,7,9,3,1,10,8,2,5,11,4,6,12,Academic interests,,,,
2025-07-29 18:46:57,2025-07-29 18:48:04,IP Address,57,66,False,2025-08-05 18:48:04,R_9WBzcJ8yKjcyN5v,anonymous,EN,Yes,Yes,Yes,Yes,4+,Mechanical,Yes,,Independent research,,Yes,No,,,,,,,,,,,,,,,,,,,,,,,,,,,,,,,,,,,,
2025-07-29 18:58:41,2025-07-29 18:59:27,IP Address,57,46,False,2025-08-05 18:59:28,R_9PpYMiYOWalz63r,anonymous,EN,Yes,Yes,Yes,Yes,4,Biomedical,Yes,,"Friends/family,Independent research",,Yes,No,,,,,,,,,,,,,,,,,,,,,,,,,,,,,,,,,,,,
2025-07-29 18:58:32,2025-07-29 18:59:34,IP Address,57,62,False,2025-08-05 18:59:42,R_4HpKfMVt4huAozx,anonymous,EN,Yes,Yes,Yes,Yes,2,Mechatronics,Yes,,"Student teams/clubs,Unit content",,Yes,Yes,,,,,,,,,,,,,,,,,,,,,,,,,,,,,,,,,,,,
2025-07-29 18:58:26,2025-07-29 18:59:59,IP Address,71,92,False,2025-08-05 18:59:59,R_4RwuboRwcIqHgmO,anonymous,EN,Yes,Yes,Yes,Yes,2,Mechatronics,Yes,,"Friends/family,Independent research,Monash faculty website,Monash staff,Student teams/clubs,Unit content",,Yes,No,40,7,63,47,68,"Arts and crafts,Music,Outdoor activities (e.g. hiking),Programming or other computer-related activities,Reading,Sports,Travelling",,,,,,,,,,,,,,,,,,,,,,,,,,,,,,
2025-07-29 19:22:41,2025-07-29 19:25:25,IP Address,71,164,False,2025-08-05 19:25:31,R_4pF0lyzoXnEmdAZ,anonymous,EN,Yes,Yes,Yes,Yes,2,Mechatronics,Yes,,"Independent research,Monash faculty briefings,Monash faculty website,Unit content",,Yes,No,18,31,46,48,50,"Lego,Music,Other",puzzle games,,,,,,,,,,,,,,,,,,,,,,,,,,,,,
2025-07-29 19:26:38,2025-07-29 19:30:44,IP Address,95,245,False,2025-08-05 19:30:53,R_9dsnvuIbTvcc9y3,anonymous,EN,Yes,Yes,Yes,Yes,1,Mechatronics,Yes,,"Independent research,Monash faculty briefings,Unit content",,Yes,Yes,25,33,61,56,40,"Board games,Gaming,Music",,6,4,3,1,7,8,9,10,11,5,12,2,5,4,2,1,6,7,8,9,10,11,12,3,Academic interests,,Academic interest,,
2025-07-29 19:36:24,2025-07-29 19:37:14,IP Address,24,50,False,2025-08-05 19:37:17,R_4mP0k1u5OwtJFul,anonymous,EN,Yes,Yes,Yes,Yes,,,,,,,,,,,,,,,,,,,,,,,,,,,,,,,,,,,,,,,,,,,,
2025-07-29 19:46:58,2025-07-29 19:55:02,IP Address,95,484,False,2025-08-05 19:55:03,R_4PThzdRD5wC4Oxa,anonymous,EN,Yes,Yes,Yes,Yes,3,Mechanical,Yes,,"Independent research,Monash faculty website,Unit content",,No,,71,35,58,82,50,"Arts and crafts,Bouldering,Gaming,Sports",,6,7,3,5,8,9,2,10,11,4,12,1,6,7,4,2,8,9,1,10,11,5,12,3,Other (please elaborate),What I want to do on the job in my career,,,
2025-07-29 19:54:00,2025-07-29 19:55:03,IP Address,57,62,False,2025-08-05 19:55:07,R_9zEvFtY3xAp7ATn,anonymous,EN,Yes,Yes,Yes,Yes,2,Civil,Yes,,"Friends/family,Independent research,Monash faculty website,Monash staff,Unit content",,No,,,,,,,,,,,,,,,,,,,,,,,,,,,,,,,,,,,,,
2025-07-29 19:57:49,2025-07-29 19:59:07,IP Address,57,78,False,2025-08-05 19:59:09,R_4eXYO8HssMNErwe,anonymous,EN,Yes,Yes,Yes,Yes,1,Chemical,No,Materials,"Independent research,Monash faculty website,Monash staff,Unit content",,Yes,No,,,,,,,,,,,,,,,,,,,,,,,,,,,,,,,,,,,,
2025-07-29 20:12:04,2025-07-29 20:12:32,IP Address,0,27,False,2025-08-05 20:12:32,R_9lFa2nErOBTVwcT,anonymous,EN,Yes,,,,,,,,,,,,,,,,,,,,,,,,,,,,,,,,,,,,,,,,,,,,,,,
2025-07-29 20:49:11,2025-07-29 20:56:01,IP Address,95,410,False,2025-08-05 20:56:05,R_93g4o2un4I8UgZr,anonymous,EN,Yes,Yes,Yes,Yes,2,Civil,Yes,,"Monash faculty briefings,Student teams/clubs,Unit content",,No,,80,32,65,65,100,"Cooking/Baking,Outdoor activities (e.g. hiking),Reading,Sports,Travelling",,6,10,7,1,3,9,11,8,5,12,2,4,6,5,7,1,4,8,9,10,11,12,3,2,Academic interests,,,,
2025-07-29 21:04:33,2025-07-29 21:06:03,IP Address,57,89,False,2025-08-05 21:06:03,R_9rqPj0WA3xUd5Lu,anonymous,EN,Yes,Yes,Yes,Yes,4+,Mechanical,Yes,,"Independent research,Monash faculty briefings,Monash faculty website,Unit content",,No,,,,,,,,,,,,,,,,,,,,,,,,,,,,,,,,,,,,,
2025-07-29 21:09:08,2025-07-29 21:13:00,IP Address,95,231,False,2025-08-05 21:13:01,R_42kWHBctbxYeXYu,anonymous,EN,Yes,Yes,Yes,Yes,3,Biomedical,Yes,,"Friends/family,Unit content",,Yes,No,87,32,50,71,88,"Board games,Lego,Music,Reading,Travelling",,8,7,9,1,10,4,5,6,12,11,3,2,8,7,9,1,10,4,5,6,12,11,3,2,Academic interests,,,,
2025-07-29 21:16:51,2025-07-29 21:21:25,IP Address,95,274,False,2025-08-05 21:21:31,R_9QhxuQhqxP93p7o,anonymous,EN,Yes,Yes,Yes,Yes,3,Civil,Yes,,"Independent research,Monash faculty website",,Yes,No,42,34,63,65,59,"Arts and crafts,Board games,Music,Outdoor activities (e.g. hiking),Reading",,5,7,4,1,11,9,3,6,8,10,12,2,5,6,4,1,7,8,2,10,9,11,12,3,Academic interests,,,,
2025-07-29 21:44:10,2025-07-29 21:44:24,IP Address,19,13,False,2025-08-05 21:44:24,R_9psHtkNHdckR82t,anonymous,EN,Yes,Yes,Yes,,,,,,,,,,,,,,,,,,,,,,,,,,,,,,,,,,,,,,,,,,,,,
2025-07-29 21:39:16,2025-07-29 21:55:31,IP Address,95,975,False,2025-08-05 21:55:35,R_4KqkKZKV1P8bU1X,anonymous,EN,Yes,Yes,Yes,Yes,4,Civil,Yes,,"Friends/family,Independent research,Unit content",,No,,50,45,69,58,28,"Board games,Cooking/Baking,Outdoor activities (e.g. hiking),Sports,Travelling",,10,8,5,6,1,3,9,11,2,12,4,7,11,12,6,2,1,4,8,9,5,10,3,7,Academic interests,,,,
2025-07-29 21:57:11,2025-07-29 21:58:33,IP Address,71,81,False,2025-08-05 21:58:34,R_4Hk0wAGLYGkjXVd,anonymous,EN,Yes,Yes,Yes,Yes,2,Aerospace,Yes,,"Monash staff,Unit content",,Yes,No,23,60,64,65,60,"Cooking/Baking,Music,Reading,Sports,Travelling",,,,,,,,,,,,,,,,,,,,,,,,,,,,,,
2025-07-29 21:46:40,2025-07-29 21:59:47,IP Address,95,786,False,2025-08-05 21:59:47,R_9nSW5zpISzyKxnI,anonymous,EN,Yes,Yes,Yes,Yes,2,Materials,Yes,,"Friends/family,Independent research,Unit content",,Yes,No,28,39,45,57,20,"Board games,Gaming,Reading",,12,6,4,5,10,8,2,1,7,11,9,3,12,6,4,5,10,8,2,1,7,11,9,3,Academic interests,,,,
2025-07-29 21:57:39,2025-07-29 22:01:02,IP Address,95,202,False,2025-08-05 22:01:17,R_9PnpgnvZl8MnQHa,anonymous,EN,Yes,Yes,Yes,Yes,1,Biomedical,Yes,,"Friends/family,Independent research",,Yes,No,63,82,58,67,76,"Arts and crafts,Board games,Cooking/Baking,Music,Reading,Travelling",,12,11,5,4,10,3,2,1,6,8,9,7,12,10,4,5,7,9,2,1,3,8,11,6,Personality,,,,
2025-07-29 20:21:01,2025-07-29 22:31:04,IP Address,95,7802,False,2025-08-05 22:31:06,R_4KNNmmmjxgQWt4s,anonymous,EN,Yes,Yes,Yes,Yes,4+,Mechatronics,Yes,,"Monash faculty briefings,Student teams/clubs,Unit content",,No,,69,54,33,62,57,"Music,Sports,Travelling",,10,1,4,6,11,2,8,12,5,9,3,7,10,1,4,6,11,2,8,12,5,9,3,7,Personality,,,,
2025-07-29 20:34:35,2025-07-29 23:13:20,IP Address,57,9524,False,2025-08-05 23:13:26,R_4LbfZHZZlg4xJ2I,anonymous,EN,Yes,Yes,Yes,Yes,3,Biomedical,Yes,,"Friends/family,Independent research",,No,,,,,,,,,,,,,,,,,,,,,,,,,,,,,,,,,,,,,
2025-07-29 23:31:36,2025-07-29 23:33:49,IP Address,71,132,False,2025-08-05 23:33:55,R_451wO2K41AHTJK1,anonymous,EN,Yes,Yes,Yes,Yes,2,Mechatronics,Yes,,"Friends/family,Independent research,Unit content",,Yes,No,40,50,50,51,60,"Cars/automotive,Outdoor activities (e.g. hiking),Sports",,,,,,,,,,,,,,,,,,,,,,,,,,,,,,
2025-07-30 00:34:26,2025-07-30 00:37:43,IP Address,95,197,False,2025-08-06 00:37:44,R_4gLTBDDarohrGUZ,anonymous,EN,Yes,Yes,Yes,Yes,4,Mechanical,Yes,,"Friends/family,Unit content",,Yes,No,48,27,50,26,64,"Board games,Cooking/Baking,Gaming,Gardening,Lego",,12,11,7,2,10,4,1,6,8,9,5,3,5,7,6,8,9,3,1,10,11,12,4,2,Academic interests,,,,
2025-07-30 00:48:39,2025-07-30 00:51:44,IP Address,95,184,False,2025-08-06 00:51:49,R_9hmZjyNEJSGy7Xr,anonymous,EN,Yes,Yes,Yes,Yes,1,Electrical and computer systems,Yes,,"Friends/family,Independent research,Monash faculty website,Unit content",,Yes,No,65,66,67,68,85,"Board games,Bouldering,Outdoor activities (e.g. hiking),Sports,Travelling",,12,1,3,6,7,8,5,11,4,2,9,10,12,1,3,6,7,8,5,11,4,2,9,10,Academic interests,,,,
2025-07-30 06:51:49,2025-07-30 06:55:24,IP Address,71,214,False,2025-08-06 06:55:25,R_4qqrldw1F2eaaXk,anonymous,EN,Yes,Yes,Yes,Yes,1,Biomedical,Yes,,"Independent research,Monash staff,Unit content",,Yes,No,65,52,88,64,69,"Bouldering,Cooking/Baking,Music,Outdoor activities (e.g. hiking),Reading,Sports,Travelling",,,,,,,,,,,,,,,,,,,,,,,,,,,,,,
2025-07-30 10:47:35,2025-07-30 10:48:32,IP Address,57,56,False,2025-08-06 10:48:35,R_9pKgUBa4FyrBHtH,anonymous,EN,Yes,Yes,Yes,Yes,1,Aerospace,Yes,,"Independent research,Student teams/clubs,Unit content",,Yes,No,,,,,,,,,,,,,,,,,,,,,,,,,,,,,,,,,,,,
2025-07-30 11:49:10,2025-07-30 11:50:17,IP Address,57,66,False,2025-08-06 11:50:19,R_96nYftGOkjIsR2O,anonymous,EN,Yes,Yes,Yes,Yes,4+,Electrical and computer systems,Yes,,"Friends/family,Independent research,Monash faculty briefings,Monash faculty website",,Yes,Yes,,,,,,,,,,,,,,,,,,,,,,,,,,,,,,,,,,,,
2025-07-30 12:53:04,2025-07-30 13:16:48,IP Address,38,1423,False,2025-08-06 13:16:49,R_947wjguZ0wEEACi,anonymous,EN,Yes,Yes,Yes,Yes,3,Civil,Yes,,,,,,,,,,,,,,,,,,,,,,,,,,,,,,,,,,,,,,,,,
2025-07-30 12:46:52,2025-07-30 13:25:48,IP Address,57,2336,False,2025-08-06 13:25:49,R_44egF2F41vnzLZP,anonymous,EN,Yes,Yes,Yes,Yes,3,Aerospace,Yes,,"Independent research,Monash staff,Student teams/clubs,Unit content",,Yes,No,,,,,,,,,,,,,,,,,,,,,,,,,,,,,,,,,,,,
2025-07-30 14:25:55,2025-07-30 14:29:45,IP Address,95,229,False,2025-08-06 14:29:49,R_9PnDiafjKNtTK8E,anonymous,EN,Yes,Yes,Yes,Yes,3,Mechanical,No,Electrical and computer systems,Other (please elaborate),Was part of Ddegree,Yes,No,78,81,81,91,87,"Music,Programming or other computer-related activities,Reading,Travelling",,1,3,4,5,2,6,7,8,9,10,11,12,1,3,2,5,4,6,7,8,9,10,11,12,Hobbies,,,,
2025-07-30 12:20:30,2025-07-30 16:37:01,IP Address,57,15390,False,2025-08-06 16:37:02,R_9dRYcF7oD4AA3zA,anonymous,EN,Yes,Yes,Yes,Yes,1,Mechanical,Yes,,"Friends/family,Independent research,Monash faculty website,Student teams/clubs",,Yes,Yes,,,,,,,,,,,,,,,,,,,,,,,,,,,,,,,,,,,,
2025-07-30 17:14:08,2025-07-30 17:20:05,IP Address,95,356,False,2025-08-06 17:20:07,R_9Rlydl8lEg0Jo5H,anonymous,EN,Yes,Yes,Yes,Yes,4,Civil,Yes,,"Friends/family,Independent research",,Yes,No,50,43,72,52,33,"Gaming,Outdoor activities (e.g. hiking),Sports,Travelling,Other",Muay Thai,5,6,7,2,8,4,1,9,10,11,3,12,6,7,8,2,9,4,1,10,11,12,3,5,Personality,,,,
2025-07-30 17:57:29,2025-07-30 17:58:06,IP Address,57,36,False,2025-08-06 17:58:09,R_4UJo9DfpTRLVial,anonymous,EN,Yes,Yes,Yes,Yes,1,Civil,Yes,,"Independent research,Unit content",,No,,,,,,,,,,,,,,,,,,,,,,,,,,,,,,,,,,,,,
2025-07-30 18:02:50,2025-07-30 18:03:39,IP Address,57,48,False,2025-08-06 18:03:44,R_9Pj1aagacZElFTm,qr,EN,Yes,Yes,Yes,Yes,1,Biomedical,Yes,,"Friends/family,Independent research,Monash faculty briefings,Monash faculty website,Monash staff,Student teams/clubs,Unit content",,Yes,No,,,,,,,,,,,,,,,,,,,,,,,,,,,,,,,,,,,,
2025-07-30 19:01:09,2025-07-30 19:02:17,IP Address,57,67,False,2025-08-06 19:02:18,R_995HKMz7Nubrv3K,anonymous,EN,Yes,Yes,Yes,Yes,1,Civil,Yes,,"Friends/family,Independent research,Unit content",,Yes,No,,,,,,,,,,,,,,,,,,,,,,,,,,,,,,,,,,,,
2025-07-30 19:36:09,2025-07-30 19:36:48,IP Address,57,39,False,2025-08-06 19:36:51,R_4BhUY0ptPhGF3OV,anonymous,EN,Yes,Yes,Yes,Yes,2,Mechatronics,Yes,,Friends/family,,No,,,,,,,,,,,,,,,,,,,,,,,,,,,,,,,,,,,,,
2025-07-30 20:34:54,2025-07-30 20:37:59,IP Address,95,185,False,2025-08-06 20:38:08,R_4zGfigVKwq138YS,anonymous,EN,Yes,Yes,Yes,Yes,1,Mechatronics,Yes,,"Friends/family,Monash faculty website,Student teams/clubs,Unit content",,Yes,No,32,89,73,64,55,"Board games,Cooking/Baking,Gaming,Reading,Travelling",,12,5,6,1,10,3,11,7,9,4,8,2,12,3,4,1,10,6,11,8,9,5,7,2,Academic interests,,,,
2025-07-30 20:43:16,2025-07-30 20:46:53,IP Address,95,217,False,2025-08-06 20:46:54,R_90zDC0lXYc6y0WR,anonymous,EN,Yes,Yes,Yes,Yes,4+,Civil,Yes,,"Independent research,Student teams/clubs",,No,,80,53,87,75,48,"Cooking/Baking,Music,Sports,Travelling",,1,5,6,4,2,7,8,3,9,10,11,12,5,6,7,8,9,10,1,2,11,4,3,12,Hobbies,,,,
2025-08-07 09:06:24,2025-08-07 09:07:40,IP Address,100,76,True,2025-08-07 09:07:41,R_4riCdgFf0foVLam,anonymous,EN,Yes,Yes,Yes,Yes,2,Chemical,Yes,,"Friends/family,Independent research",,Yes,No,31,79,47,81,41,"Board games,Cooking/Baking,Music,Travelling,3D printing",,4,3,5,6,7,8,2,1,9,10,11,12,2,3,1,4,5,6,7,8,9,10,11,12,Academic interests,,,,
2025-07-31 09:08:26,2025-07-31 09:09:28,IP Address,57,62,False,2025-08-07 09:09:35,R_4GvTvgqBLQNp9hz,anonymous,EN,Yes,Yes,Yes,Yes,1,Civil,Yes,,"Friends/family,Independent research,Unit content",,No,,,,,,,,,,,,,,,,,,,,,,,,,,,,,,,,,,,,,
2025-08-07 09:30:52,2025-08-07 09:31:50,IP Address,100,57,True,2025-08-07 09:31:50,R_9pcd9W5l8d88eBD,anonymous,EN,Yes,Yes,No,,,,,,,,,,,,,,,,,,,,,,,,,,,,,,,,,,,,,,,,,,,,,
2025-07-31 10:19:16,2025-07-31 10:22:24,IP Address,57,188,False,2025-08-07 10:22:29,R_9IsjFo099brJzJG,anonymous,EN,Yes,Yes,Yes,Yes,4+,Electrical and computer systems,Yes,,"Independent research,Monash faculty briefings,Unit content",,No,,,,,,,,,,,,,,,,,,,,,,,,,,,,,,,,,,,,,
2025-08-07 10:31:36,2025-08-07 10:48:05,IP Address,100,988,True,2025-08-07 10:48:05,R_9sRBfKH5jzHpFCo,anonymous,EN,Yes,Yes,Yes,Yes,4+,Materials,Yes,,"Friends/family,Independent research,Monash faculty briefings,Monash faculty website,Other (please elaborate)","Talking to academics ",Yes,No,45,42,60,84,72,"Bouldering,Outdoor activities (e.g. hiking),Reading,Sports,Travelling",,12,11,10,6,5,3,1,4,9,7,8,2,12,11,10,5,8,3,1,4,7,6,9,2,Other (please elaborate),"I wanted to do Engineering but also Science, I always wanted to invent a material. Materials eng is on the border of science and engineering",,,
2025-08-07 12:35:21,2025-08-07 12:38:17,IP Address,100,175,True,2025-08-07 12:38:17,R_40Si1dssS9ZP9o5,anonymous,EN,Yes,Yes,Yes,Yes,1,Chemical,Yes,,Other (please elaborate),Other university school excursions,Yes,No,81,8,92,60,93,"Gaming,Music,Reading",,2,11,12,8,4,5,1,3,7,10,6,9,2,4,5,6,7,8,1,3,9,10,11,12,Academic interests,,,,
2025-08-07 12:44:47,2025-08-07 12:47:10,IP Address,100,142,True,2025-08-07 12:47:11,R_9ODenSBUNK4Ir5F,anonymous,EN,Yes,Yes,Yes,Yes,4,Electrical and computer systems,Yes,,"Friends/family,Monash staff",,No,,64,53,92,80,22,"Board games,Gaming,Music,Outdoor activities (e.g. hiking),Sports",,11,4,1,6,2,7,12,10,5,3,8,9,10,4,1,7,2,6,12,11,5,3,9,8,Academic interests,,,,
2025-07-31 14:31:39,2025-07-31 14:32:46,IP Address,57,66,False,2025-08-07 14:32:47,R_9YKylj0GezN6wrp,anonymous,EN,Yes,Yes,Yes,Yes,4,Materials,No,Civil,"Friends/family,Unit content",,Yes,No,,,,,,,,,,,,,,,,,,,,,,,,,,,,,,,,,,,,
2025-08-07 13:41:18,2025-08-07 14:46:10,IP Address,100,3892,True,2025-08-07 14:46:11,R_99p7FX5j9cos8Dv,anonymous,EN,Yes,Yes,Yes,Yes,1,Electrical and computer systems,Yes,,"Friends/family,Independent research,Unit content",,Yes,No,80,6,93,60,55,"Gaming,Programming or other computer-related activities,Reading,Sports,Travelling",,10,1,2,4,9,11,5,7,6,3,12,8,10,1,2,4,8,11,5,6,7,3,12,9,Personality,,,,
2025-07-31 15:14:07,2025-07-31 15:15:10,IP Address,57,62,False,2025-08-07 15:15:11,R_4PaFdbOGBYVfty9,qr,EN,Yes,Yes,Yes,Yes,1,Chemical,Yes,,"Monash faculty briefings,Monash faculty website",,Yes,No,,,,,,,,,,,,,,,,,,,,,,,,,,,,,,,,,,,,
2025-07-31 15:14:16,2025-07-31 15:15:13,IP Address,38,56,False,2025-08-07 15:15:14,R_4qgkoKwMtCPir0Y,qr,EN,Yes,Yes,Yes,Yes,1,Chemical,Yes,,,,,,,,,,,,,,,,,,,,,,,,,,,,,,,,,,,,,,,,,
2025-08-02 19:49:56,2025-08-07 15:32:16,IP Address,100,416540,True,2025-08-07 15:32:17,R_9Ljs8vBXEXQ6kEc,anonymous,EN,Yes,Yes,Yes,Yes,3,Chemical,Yes,,"Independent research,Monash faculty briefings,Monash faculty website,Monash staff",,Yes,No,80,72,88,87,87,"Cooking/Baking,Gaming,Outdoor activities (e.g. hiking),Sports,Travelling",,4,9,10,5,7,8,1,11,3,12,6,2,3,5,6,4,2,7,1,8,9,10,11,12,Academic interests,,,,
2025-08-07 16:20:36,2025-08-07 16:20:46,IP Address,100,10,True,2025-08-07 16:20:47,R_4h0zhA0aowduG3P,anonymous,EN,Yes,Yes,No,,,,,,,,,,,,,,,,,,,,,,,,,,,,,,,,,,,,,,,,,,,,,
2025-08-07 17:25:35,2025-08-07 17:33:35,IP Address,100,479,True,2025-08-07 17:33:36,R_9q8j7RXRYTylbnr,anonymous,EN,Yes,Yes,Yes,Yes,1,Chemical,Yes,,"Friends/family,Monash faculty briefings",,Yes,No,17,61,42,51,32,"Arts and crafts,Cooking/Baking,Gaming,Travelling",,5,12,4,2,6,7,9,3,8,10,11,1,5,6,4,2,7,8,9,3,10,11,12,1,Academic interests,,,,
2025-08-01 02:24:58,2025-08-01 02:33:45,IP Address,95,526,False,2025-08-08 02:33:47,R_94NGN2YMrECQH1D,anonymous,EN,Yes,Yes,Yes,Yes,2,Mechanical,Yes,,"Friends/family,Independent research,Monash faculty website",,Yes,No,33,78,21,43,39,"Board games,Cooking/Baking,Gaming,Programming or other computer-related activities,Other",researching topics i find interesting,11,5,2,3,10,7,12,9,4,6,8,1,11,5,2,3,10,7,12,9,4,6,8,1,Academic interests,,,,
2025-08-01 13:08:16,2025-08-01 13:10:29,IP Address,95,132,False,2025-08-08 13:10:31,R_4zHZ4TMzI0SETIf,anonymous,EN,Yes,Yes,Yes,Yes,2,Mechatronics,Yes,,"Independent research,Unit content",,Yes,No,49,63,56,70,76,"Cars/automotive,Gaming,3D printing",,12,5,4,1,6,7,8,9,10,3,11,2,12,4,5,3,6,7,11,8,9,2,10,1,Hobbies,,,,
2025-08-09 02:56:18,2025-08-09 03:01:40,IP Address,100,321,True,2025-08-09 03:01:40,R_9EEc5iyyn4HIVTz,anonymous,EN,Yes,Yes,Yes,Yes,1,Chemical,Yes,,"Friends/family,Independent research,Unit content",,Yes,No,30,42,68,74,38,"Cars/automotive,Gaming,Music,Sports,Travelling",,5,6,8,7,4,2,9,10,3,11,1,12,5,6,7,8,4,2,9,10,3,11,1,12,Academic interests,,,,
2025-08-09 17:57:36,2025-08-09 18:02:22,IP Address,100,286,True,2025-08-09 18:02:23,R_4DHHMmsAh5bomIE,anonymous,EN,Yes,Yes,Yes,Yes,2,Civil,Yes,,"Friends/family,Independent research,Unit content",,No,,38,29,65,63,35,"Cars/automotive,Gaming,Sports,Travelling",,8,9,11,4,10,6,3,7,5,12,1,2,6,7,5,8,9,10,1,4,11,12,2,3,Academic interests,,,,
2025-08-10 16:33:34,2025-08-10 16:41:24,IP Address,100,469,True,2025-08-10 16:41:24,R_49615wJLy8Pe2Gu,anonymous,EN,Yes,Yes,Yes,Yes,4+,Mechatronics,Yes,,"Friends/family,Independent research,Monash faculty briefings,Monash faculty website,Monash staff,Student teams/clubs,Unit content",,Yes,No,40,40,40,60,50,"Arts and crafts,Programming or other computer-related activities,3D printing",,12,1,2,6,11,7,4,9,8,3,10,5,12,1,2,6,11,7,4,9,8,3,10,5,Academic interests,,,,
2025-08-04 10:42:30,2025-08-04 10:43:49,IP Address,57,78,False,2025-08-11 10:43:57,R_9jpTt4vM6mbPVpn,anonymous,EN,Yes,Yes,Yes,Yes,4,Mechatronics,Yes,,"Friends/family,Independent research",,No,,,,,,,,,,,,,,,,,,,,,,,,,,,,,,,,,,,,,
2025-08-11 12:04:35,2025-08-11 12:07:15,IP Address,100,159,True,2025-08-11 12:07:15,R_4nCsVxVOskYykLV,anonymous,EN,Yes,No,,,,,,,,,,,,,,,,,,,,,,,,,,,,,,,,,,,,,,,,,,,,,,
2025-08-11 12:27:34,2025-08-11 12:27:48,IP Address,100,13,True,2025-08-11 12:27:48,R_9txpuSw0OrM0gZm,anonymous,EN,Yes,Yes,No,,,,,,,,,,,,,,,,,,,,,,,,,,,,,,,,,,,,,,,,,,,,,
2025-08-11 12:42:43,2025-08-11 12:57:32,IP Address,100,889,True,2025-08-11 12:57:33,R_4k04x7x6Y5HBTvv,anonymous,EN,Yes,Yes,Yes,Yes,3,Chemical,Yes,,"Unit content,Other (please elaborate)",Designated specialisation due to double degree,Yes,No,70,25,50,60,50,"Cars/automotive,Music,Outdoor activities (e.g. hiking),Sports,Travelling",,5,3,2,4,6,7,8,9,10,11,12,1,5,2,3,4,6,7,8,9,10,11,12,1,Academic interests,,,,
2025-08-11 13:05:48,2025-08-11 13:06:09,IP Address,100,21,True,2025-08-11 13:06:10,R_9l5uOcZf5EmMMpz,anonymous,EN,Yes,Yes,No,,,,,,,,,,,,,,,,,,,,,,,,,,,,,,,,,,,,,,,,,,,,,
2025-08-04 13:08:10,2025-08-04 13:10:54,IP Address,71,164,False,2025-08-11 13:10:57,R_4TRvjg4zrGYuaZP,anonymous,EN,Yes,Yes,Yes,Yes,3,Mechanical,Yes,,Friends/family,,Yes,No,41,71,71,71,71,"Bouldering,Cars/automotive,Cooking/Baking,Music,Outdoor activities (e.g. hiking),Reading,Sports",,,,,,,,,,,,,,,,,,,,,,,,,,,,,,
2025-08-11 13:33:32,2025-08-11 13:33:48,IP Address,100,15,True,2025-08-11 13:33:48,R_4kTE5MLeCih3T8D,anonymous,EN,Yes,Yes,No,,,,,,,,,,,,,,,,,,,,,,,,,,,,,,,,,,,,,,,,,,,,,
2025-08-11 13:34:27,2025-08-11 13:34:39,IP Address,100,11,True,2025-08-11 13:34:39,R_4LHiPSTnAq78Yrw,anonymous,EN,Yes,Yes,No,,,,,,,,,,,,,,,,,,,,,,,,,,,,,,,,,,,,,,,,,,,,,
2025-08-11 17:27:04,2025-08-11 17:30:05,IP Address,100,180,True,2025-08-11 17:30:06,R_94YEB5tNu1e1bnr,anonymous,EN,Yes,Yes,No,,,,,,,,,,,,,,,,,,,,,,,,,,,,,,,,,,,,,,,,,,,,,
2025-08-11 21:19:37,2025-08-11 21:21:24,IP Address,100,106,True,2025-08-11 21:21:24,R_4lPjnLt2NY8ZM0Q,anonymous,EN,Yes,Yes,No,,,,,,,,,,,,,,,,,,,,,,,,,,,,,,,,,,,,,,,,,,,,,
2025-08-11 22:08:23,2025-08-11 22:12:54,IP Address,100,270,True,2025-08-11 22:12:56,R_4wTyR4FYqyNDEl2,anonymous,EN,Yes,Yes,Yes,Yes,3,Aerospace,Yes,,"Independent research,Student teams/clubs,Unit content",,Yes,No,57,34,89,72,75,"Cars/automotive,Gaming,Lego,Music,Outdoor activities (e.g. hiking)",,12,1,6,2,10,3,9,11,7,5,8,4,11,1,5,4,6,2,7,8,9,10,12,3,Hobbies,,,,
2025-08-11 22:10:51,2025-08-11 22:13:59,IP Address,100,187,True,2025-08-11 22:13:59,R_9H0Ex4Hym0y7wVP,anonymous,EN,Yes,Yes,Yes,Yes,3,Mechatronics,Yes,,"Friends/family,Independent research,Unit content",,No,,56,24,82,74,75,"Bouldering,Cars/automotive,Cooking/Baking,Music,Outdoor activities (e.g. hiking)",,12,2,3,4,9,7,1,10,8,5,11,6,12,2,3,4,9,7,1,10,8,5,11,6,Academic interests,,,,
2025-08-11 22:16:58,2025-08-11 22:24:19,IP Address,100,440,True,2025-08-11 22:24:19,R_924nWshmj7UVhgk,anonymous,EN,Yes,Yes,Yes,Yes,2,Mechatronics,Yes,,"Friends/family,Independent research,Monash faculty website,Unit content",,No,,50,32,65,53,52,"Arts and crafts,Lego,Music,Reading,3D printing",,7,4,2,3,5,10,6,11,12,8,9,1,7,4,2,3,5,10,6,11,12,8,9,1,Academic interests,,,,
2025-08-11 22:21:43,2025-08-11 22:24:28,IP Address,100,165,True,2025-08-11 22:24:28,R_4qD8CeYnjoFekhI,anonymous,EN,Yes,Yes,Yes,Yes,1,Electrical and computer systems,Yes,,"Independent research,Unit content",,No,,27,80,85,54,41,"Cars/automotive,Gaming,Music",,6,1,4,5,7,8,9,10,11,2,12,3,1,2,3,4,5,6,7,8,9,10,11,12,Academic interests,,,,
2025-08-11 22:23:04,2025-08-11 22:39:07,IP Address,100,963,True,2025-08-11 22:39:08,R_9TYMBVsHRawErVn,anonymous,EN,Yes,Yes,Yes,Yes,2,Mechanical,Yes,,"Friends/family,Independent research,Student teams/clubs",,Yes,No,63,29,68,42,16,"Bouldering,Cars/automotive,Cooking/Baking,Gaming",,9,11,12,2,8,5,3,1,6,10,7,4,9,11,12,2,8,5,3,1,6,10,7,4,Hobbies,,,,
2025-08-11 22:41:17,2025-08-11 22:51:02,IP Address,100,585,True,2025-08-11 22:51:02,R_9jVf4prTQowJNqA,anonymous,EN,Yes,Yes,Yes,Yes,2,Mechanical,Yes,,"Independent research,Monash faculty website,Student teams/clubs",,Yes,Yes,41,35,45,48,42,"Music,Programming or other computer-related activities,Sports",,12,8,6,1,9,10,2,5,7,4,11,3,5,7,8,1,9,10,2,11,6,4,12,3,Other (please elaborate),Easier to get higher WAM with less time then aerospace,Other (please elaborate),Easier to get higher WAM with less time then aerospace,
2025-08-12 00:39:11,2025-08-12 00:43:28,IP Address,100,256,True,2025-08-12 00:43:29,R_9CwhMkg6JpriGap,anonymous,EN,Yes,Yes,Yes,Yes,3,Electrical and computer systems,Yes,,"Friends/family,Independent research,Unit content",,Yes,Yes,38,56,78,93,87,"Cooking/Baking,Music,Outdoor activities (e.g. hiking),Sports",,6,5,2,4,7,3,8,9,10,1,11,12,5,4,2,6,7,3,8,9,10,1,11,12,Academic interests,,Other (please elaborate),Got scared of Aero from MAE2505,
2025-08-12 07:09:43,2025-08-12 07:10:14,IP Address,100,30,True,2025-08-12 07:10:14,R_4FVAwrYZaNGYvHb,anonymous,EN,Yes,Yes,No,,,,,,,,,,,,,,,,,,,,,,,,,,,,,,,,,,,,,,,,,,,,,
2025-08-12 07:57:07,2025-08-12 08:05:44,IP Address,100,516,True,2025-08-12 08:05:45,R_9OHDiO4bdwdo5sk,anonymous,EN,Yes,Yes,Yes,Yes,3,Mechatronics,Yes,,Friends/family,,Yes,Yes,72,58,83,55,84,"Cooking/Baking,Reading",,12,4,5,6,2,7,3,8,1,9,10,11,12,4,5,6,2,7,3,8,1,9,10,11,Other (please elaborate),A lot of learning is done on the job so might as well expose myself to as much different content as possible to be able to give myself the opportunity to learn the largest amount of content possible on the job,Other (please elaborate),Mechanical was too easy,
2025-08-12 08:56:55,2025-08-12 08:57:05,IP Address,100,9,True,2025-08-12 08:57:06,R_4cpXdiJY37K11mY,anonymous,EN,Yes,Yes,No,,,,,,,,,,,,,,,,,,,,,,,,,,,,,,,,,,,,,,,,,,,,,
2025-08-12 09:10:22,2025-08-12 09:11:11,IP Address,100,48,True,2025-08-12 09:11:11,R_4FaMQ2ugd2n4Z9R,anonymous,EN,Yes,Yes,No,,,,,,,,,,,,,,,,,,,,,,,,,,,,,,,,,,,,,,,,,,,,,
2025-08-12 12:46:14,2025-08-12 12:55:03,IP Address,100,529,True,2025-08-12 12:55:04,R_9aX3gimxyPH61gn,anonymous,EN,Yes,Yes,Yes,Yes,2,Software,Yes,,Unit content,,Yes,Yes,65,40,48,34,57,"Arts and crafts,Cooking/Baking,Gardening,Outdoor activities (e.g. hiking),Other",Gym,10,6,1,9,4,5,11,12,2,3,8,7,10,6,1,9,4,5,11,12,2,3,8,7,Other (please elaborate),What makes sense to me,Other (please elaborate),Turns out i didn't enjoy that sort of work,
2025-08-13 00:26:16,2025-08-13 00:26:47,IP Address,100,31,True,2025-08-13 00:26:48,R_9TFnM6PkUVztsgp,anonymous,EN,Yes,Yes,No,,,,,,,,,,,,,,,,,,,,,,,,,,,,,,,,,,,,,,,,,,,,,
2025-08-06 11:59:26,2025-08-06 11:59:31,IP Address,10,5,False,2025-08-13 11:59:32,R_4LqtvhsevbnOEzT,qr,EN,Yes,,,,,,,,,,,,,,,,,,,,,,,,,,,,,,,,,,,,,,,,,,,,,,,
2025-08-06 20:42:54,2025-08-06 20:43:09,IP Address,14,15,False,2025-08-13 20:43:11,R_4yzfOGYe21Qj91D,qr,EN,Yes,Yes,,,,,,,,,,,,,,,,,,,,,,,,,,,,,,,,,,,,,,,,,,,,,,
2025-08-06 21:10:26,2025-08-06 21:16:42,IP Address,14,375,False,2025-08-13 21:16:43,R_4dDFc50JhQt8moz,qr,EN,Yes,Yes,,,,,,,,,,,,,,,,,,,,,,,,,,,,,,,,,,,,,,,,,,,,,,
2025-08-14 00:57:24,2025-08-14 00:57:59,IP Address,100,35,True,2025-08-14 00:57:59,R_4SfaSUZ5D7ui62F,anonymous,EN,Yes,Yes,No,,,,,,,,,,,,,,,,,,,,,,,,,,,,,,,,,,,,,,,,,,,,,
2025-08-07 09:32:11,2025-08-07 09:33:57,IP Address,95,106,False,2025-08-14 09:33:58,R_4V613bYiyM07x3b,anonymous,EN,Yes,Yes,Yes,Yes,4,Chemical,Yes,,Friends/family,,Yes,No,100,47,69,78,76,"Arts and crafts,Outdoor activities (e.g. hiking),Sports",,1,4,5,3,6,7,2,8,9,10,11,12,1,3,8,2,4,5,6,7,9,10,11,12,Academic interests,,,,
2025-08-14 09:45:23,2025-08-14 09:53:11,IP Address,100,468,True,2025-08-14 09:53:12,R_9rYeqj12x0gYTyD,qr,EN,Yes,Yes,Yes,Yes,1,Civil,Yes,,Independent research,,Yes,No,17,84,81,11,39,"Arts and crafts,Cooking/Baking,Lego,Music,Travelling",,12,5,3,1,8,4,2,9,10,7,11,6,12,3,2,1,8,7,5,9,10,4,11,6,Hobbies,,,,
2025-08-07 09:55:08,2025-08-07 09:59:44,IP Address,95,276,False,2025-08-14 09:59:45,R_4kUMaGxvgermaWD,anonymous,EN,Yes,Yes,Yes,Yes,2,Chemical,Yes,,Friends/family,,Yes,No,31,31,34,69,66,"Gaming,Sports",,3,12,4,7,5,6,1,8,9,10,11,2,3,11,12,4,5,6,1,7,8,9,10,2,Other (please elaborate),My family asked me to,,,
2025-08-07 10:03:28,2025-08-07 10:03:49,IP Address,14,20,False,2025-08-14 10:03:51,R_90iDQZ9U5Y7KUF3,anonymous,EN,Yes,Yes,,,,,,,,,,,,,,,,,,,,,,,,,,,,,,,,,,,,,,,,,,,,,,
2025-08-07 10:03:46,2025-08-07 10:07:14,IP Address,57,207,False,2025-08-14 10:07:19,R_4YTyugo96kNjHkl,anonymous,EN,Yes,Yes,Yes,Yes,1,Chemical,Yes,,"Friends/family,Monash faculty briefings",,Yes,No,,,,,,,,,,,,,,,,,,,,,,,,,,,,,,,,,,,,
2025-08-07 10:57:16,2025-08-07 11:22:03,IP Address,24,1487,False,2025-08-14 11:22:04,R_9Bg7HwreF6JIfJG,anonymous,EN,Yes,Yes,Yes,Yes,,,,,,,,,,,,,,,,,,,,,,,,,,,,,,,,,,,,,,,,,,,,
2025-08-07 11:43:54,2025-08-07 11:44:22,IP Address,38,28,False,2025-08-14 11:44:23,R_42X2Ma7w5Qjrae3,anonymous,EN,Yes,Yes,Yes,Yes,2,Electrical and computer systems,Yes,,,,,,,,,,,,,,,,,,,,,,,,,,,,,,,,,,,,,,,,,
2025-08-07 11:48:09,2025-08-07 11:54:43,IP Address,95,393,False,2025-08-14 11:54:47,R_4I3SDxl7EJiTSyy,anonymous,EN,Yes,Yes,Yes,Yes,4+,Chemical,Yes,,"Friends/family,Independent research,Monash faculty website,Unit content",,No,,50,38,82,61,60,"Music,Other",dance,1,6,12,7,4,8,3,2,9,10,5,11,1,5,6,7,3,8,4,2,9,10,11,12,Personality,,,,
2025-08-07 12:16:42,2025-08-07 12:23:07,IP Address,95,384,False,2025-08-14 12:23:08,R_4P6wWGPmqHrjxO1,anonymous,EN,Yes,Yes,Yes,Yes,3,Electrical and computer systems,Yes,,"Friends/family,Independent research,Student teams/clubs,Unit content",,No,,74,48,52,60,80,"Board games,Cooking/Baking,Gaming,Outdoor activities (e.g. hiking),Reading",,12,5,1,10,3,7,9,8,6,2,4,11,12,5,1,10,3,7,9,8,6,2,4,11,Academic interests,,,,
2025-08-07 12:39:56,2025-08-07 12:40:05,IP Address,24,9,False,2025-08-14 12:40:06,R_4Qoi8FAAVb01gKx,anonymous,EN,Yes,Yes,Yes,Yes,,,,,,,,,,,,,,,,,,,,,,,,,,,,,,,,,,,,,,,,,,,,
2025-08-14 12:44:11,2025-08-14 12:51:08,IP Address,100,417,True,2025-08-14 12:51:09,R_4b3mk5UXRSR2lT3,qr,EN,Yes,Yes,Yes,Yes,4,Software,Yes,,"Friends/family,Independent research,Monash faculty briefings,Monash faculty website",,Yes,No,19,70,55,64,53,"Arts and crafts,Cooking/Baking,Gaming,Outdoor activities (e.g. hiking),Programming or other computer-related activities",,5,9,1,3,2,7,4,6,8,10,11,12,10,3,1,5,4,8,7,2,6,9,11,12,Hobbies,,,,
2025-08-07 12:23:34,2025-08-07 12:52:12,IP Address,95,1718,False,2025-08-14 12:52:15,R_9zQxTaEpJlRynsd,anonymous,EN,Yes,Yes,Yes,Yes,1,Chemical,Yes,,Friends/family,,Yes,Yes,50,50,59,14,5,"Arts and crafts,Board games,Gaming,Music,Travelling",,1,3,4,5,6,7,2,8,12,9,10,11,1,2,5,3,4,6,7,8,9,10,11,12,Personality,,Hobbies,,
2025-08-07 13:07:38,2025-08-07 13:08:16,IP Address,57,37,False,2025-08-14 13:08:17,R_4WJUDWMz2Fe2tyN,anonymous,EN,Yes,Yes,Yes,Yes,2,Chemical,Yes,,"Friends/family,Independent research,Unit content",,Yes,No,,,,,,,,,,,,,,,,,,,,,,,,,,,,,,,,,,,,
2025-08-07 13:17:39,2025-08-07 13:21:42,IP Address,57,242,False,2025-08-14 13:21:48,R_9C9ZPrayzlLjxiV,anonymous,EN,Yes,Yes,Yes,Yes,4,Electrical and computer systems,No,Mechatronics,"Friends/family,Independent research,Monash faculty website,Monash staff,Student teams/clubs,Unit content,Other (please elaborate)","With a double degree in Engineering and Computer Science, the only options available in 2021 were Software and Electrical & Computer Systems",No,,,,,,,,,,,,,,,,,,,,,,,,,,,,,,,,,,,,,
2025-08-14 16:28:36,2025-08-14 16:35:21,IP Address,100,404,True,2025-08-14 16:35:21,R_9K8wWb7x1KgZcjf,anonymous,EN,Yes,Yes,Yes,Yes,1,Civil,Yes,,"Friends/family,Independent research,Monash faculty website",,Yes,No,50,54,59,65,59,"Arts and crafts,Cooking/Baking,Gaming,Gardening",,12,2,5,1,6,7,8,3,10,11,4,9,12,7,5,1,9,10,3,6,8,2,4,11,Personality,,,,
2025-08-07 20:27:12,2025-08-07 20:29:56,IP Address,95,163,False,2025-08-14 20:29:57,R_45vazTHJzSUaHrb,anonymous,EN,Yes,Yes,Yes,Yes,4,Chemical,No,Mechanical,"Friends/family,Independent research,Monash faculty briefings,Monash faculty website,Unit content",,No,,80,75,81,100,79,"Arts and crafts,Bouldering,Cooking/Baking,Music,Outdoor activities (e.g. hiking),Reading,Sports,Travelling",,12,6,5,9,4,7,1,10,8,2,11,3,1,10,11,3,5,6,2,8,4,9,12,7,Personality,,,,
2025-08-07 20:22:44,2025-08-07 20:36:53,IP Address,95,849,False,2025-08-14 20:37:00,R_4xV4dMKXr70Hhy6,anonymous,EN,Yes,Yes,Yes,Yes,2,Mechanical,Yes,,"Independent research,Unit content",,No,,53,68,20,68,72,"Arts and crafts,Music,Reading",,12,8,6,2,9,7,1,4,10,11,5,3,5,6,7,1,8,9,2,4,10,11,12,3,Hobbies,,,,
2025-08-08 06:48:28,2025-08-08 06:48:30,IP Address,10,2,False,2025-08-15 06:48:34,R_4M4ZT0208lAxs4Y,anonymous,EN,Yes,,,,,,,,,,,,,,,,,,,,,,,,,,,,,,,,,,,,,,,,,,,,,,,
2025-08-15 08:39:28,2025-08-15 08:47:07,IP Address,100,458,True,2025-08-15 08:47:07,R_4xluEP8SxFf32HD,qr,EN,Yes,Yes,Yes,Yes,4+,Chemical,Yes,,"Independent research,Monash faculty briefings,Other (please elaborate)","Potential jobs following degree completion ",Yes,Yes,38,56,78,68,41,"Arts and crafts,Gardening,Sports",,1,10,8,7,3,11,9,6,4,2,12,5,1,4,6,7,5,12,8,3,9,2,11,10,Personality,,Academic interest,,
2025-08-15 14:06:21,2025-08-15 14:07:04,IP Address,100,42,True,2025-08-15 14:07:04,R_4eOTj0HlEHYl2Nd,anonymous,EN,Yes,Yes,No,,,,,,,,,,,,,,,,,,,,,,,,,,,,,,,,,,,,,,,,,,,,,
2025-08-15 17:19:52,2025-08-15 17:28:41,IP Address,100,528,True,2025-08-15 17:28:41,R_9KVp1Lp8or3AxNh,qr,EN,Yes,Yes,Yes,Yes,4+,Mechatronics,Yes,,"Friends/family,Independent research,Monash faculty briefings,Monash faculty website,Unit content",,No,,31,62,71,60,47,"Arts and crafts,Cooking/Baking,Gardening,Reading,Travelling",,12,8,1,3,2,10,6,4,7,9,11,5,7,6,1,3,2,8,9,10,5,4,11,12,Academic interests,,,,
2025-08-08 18:24:05,2025-08-08 18:31:26,IP Address,95,441,False,2025-08-15 18:31:32,R_93VGwlQRXbWyIa5,anonymous,EN,Yes,Yes,Yes,Yes,2,Materials,Yes,,"Independent research,Monash staff,Student teams/clubs",,No,,75,40,55,55,80,"Arts and crafts,Bouldering,Gardening,Music,Reading",,5,6,8,7,9,4,1,2,10,3,11,12,5,6,7,8,9,3,2,1,10,4,11,12,Academic interests,,,,
2025-08-16 15:44:51,2025-08-16 15:45:26,IP Address,100,34,True,2025-08-16 15:45:26,R_4E0Pggr2y9xo0D1,anonymous,EN,Yes,Yes,No,,,,,,,,,,,,,,,,,,,,,,,,,,,,,,,,,,,,,,,,,,,,,
2025-08-17 14:17:08,2025-08-17 14:17:21,IP Address,100,12,True,2025-08-17 14:17:21,R_4LZWdn7r5uNbnXP,anonymous,EN,Yes,Yes,No,,,,,,,,,,,,,,,,,,,,,,,,,,,,,,,,,,,,,,,,,,,,,
2025-08-17 14:12:28,2025-08-17 14:19:08,IP Address,100,400,True,2025-08-17 14:19:09,R_9rJkSaRmABbx3ou,anonymous,EN,Yes,Yes,Yes,Yes,3,Mechanical,Yes,,"Independent research,Student teams/clubs,Unit content",,Yes,Yes,31,62,53,64,71,"Arts and crafts,Cooking/Baking,Music,Reading,Travelling,3D printing",,5,6,7,8,9,4,1,3,2,10,12,11,4,5,7,8,9,10,1,2,3,11,6,12,Academic interests,,Academic interest,,
2025-08-11 17:33:16,2025-08-11 17:36:53,IP Address,57,217,False,2025-08-18 17:36:59,R_41mh1ccXmfVIXvi,anonymous,EN,Yes,Yes,Yes,Yes,2,Materials,Yes,,"Friends/family,Independent research,Monash faculty briefings,Monash faculty website,Monash staff",,Yes,Yes,,,,,,,,,,,,,,,,,,,,,,,,,,,,,,,,,,,,
2025-08-11 18:53:12,2025-08-11 18:53:19,IP Address,14,7,False,2025-08-18 18:53:21,R_4WSSiA2pXEU3c4p,anonymous,EN,Yes,Yes,,,,,,,,,,,,,,,,,,,,,,,,,,,,,,,,,,,,,,,,,,,,,,
2025-08-11 22:01:03,2025-08-11 22:02:15,IP Address,71,72,False,2025-08-18 22:02:16,R_9jPxewjchLO6DaV,anonymous,EN,Yes,Yes,Yes,Yes,2,Mechatronics,Yes,,"Friends/family,Independent research,Student teams/clubs,Unit content",,Yes,Yes,62,68,61,55,64,"Cars/automotive,Cooking/Baking,Music,Reading",,,,,,,,,,,,,,,,,,,,,,,,,,,,,,
2025-08-11 22:01:14,2025-08-11 22:02:31,IP Address,57,76,False,2025-08-18 22:02:32,R_4dvbwbVgoTleX6N,anonymous,EN,Yes,Yes,Yes,Yes,3,Mechanical,Yes,,"Independent research,Unit content",,Yes,Yes,,,,,,,,,,,,,,,,,,,,,,,,,,,,,,,,,,,,
2025-08-11 22:01:23,2025-08-11 22:02:40,IP Address,57,77,False,2025-08-18 22:02:42,R_4FKmSI64JjZEA2l,anonymous,EN,Yes,Yes,Yes,Yes,3,Mechanical,Yes,,"Friends/family,Independent research",,Yes,No,,,,,,,,,,,,,,,,,,,,,,,,,,,,,,,,,,,,
2025-08-11 22:02:55,2025-08-11 22:10:35,IP Address,95,460,False,2025-08-18 22:10:40,R_4Glayc1FlPZ5eWF,anonymous,EN,Yes,Yes,Yes,Yes,2,Aerospace,Yes,,"Friends/family,Independent research,Other (please elaborate)","Already knew based on a pre existing interest ",Yes,No,53,59,55,56,57,"Cars/automotive,Gaming,Lego,Outdoor activities (e.g. hiking),Sports",,12,5,2,1,7,3,8,6,4,10,11,9,11,7,5,3,6,1,10,4,2,12,8,9,Academic interests,,,,
2025-08-11 22:58:23,2025-08-11 23:10:17,IP Address,57,713,False,2025-08-18 23:10:21,R_9AQhVlMTSl1h7qd,anonymous,EN,Yes,Yes,Yes,Yes,2,Mechatronics,Yes,,"Friends/family,Independent research,Monash faculty briefings,Monash faculty website,Monash staff,Student teams/clubs",,Yes,Yes,,,,,,,,,,,,,,,,,,,,,,,,,,,,,,,,,,,,
2025-08-12 10:56:56,2025-08-12 10:57:53,IP Address,57,57,False,2025-08-19 10:57:53,R_9reQ1fVeUZSx6rT,anonymous,EN,Yes,Yes,Yes,Yes,4+,Aerospace,Yes,,"Friends/family,Independent research,Monash faculty website,Student teams/clubs",,Yes,No,,,,,,,,,,,,,,,,,,,,,,,,,,,,,,,,,,,,
2025-08-12 23:57:37,2025-08-12 23:58:13,IP Address,57,35,False,2025-08-19 23:58:20,R_4nSjjvaZoB7W305,anonymous,EN,Yes,Yes,Yes,Yes,2,Biomedical,Yes,,Independent research,,Yes,No,,,,,,,,,,,,,,,,,,,,,,,,,,,,,,,,,,,,
2025-08-13 21:13:04,2025-08-13 22:39:08,IP Address,71,5163,False,2025-08-20 22:39:12,R_9CD8gXHBZjpmjJA,qr,EN,Yes,Yes,Yes,Yes,1,Civil,Yes,,"Friends/family,Independent research",,Yes,No,56,41,75,75,32,"Outdoor activities (e.g. hiking),Sports,Travelling",,,,,,,,,,,,,,,,,,,,,,,,,,,,,,
2025-08-21 11:54:42,2025-08-21 12:12:27,IP Address,100,1065,True,2025-08-21 12:12:27,R_9uY7uoI5qU4Le6t,anonymous,EN,Yes,Yes,Yes,Yes,4+,Aerospace,No,Environmental,"Friends/family,Independent research,Monash faculty website",,Yes,No,21,66,35,43,40,"Arts and crafts,Music,Reading,Other",Anime,5,1,6,7,2,3,4,8,9,10,11,12,6,1,5,7,2,3,4,8,9,10,11,12,Other (please elaborate),Financial gain,,,
2025-08-14 18:58:39,2025-08-14 19:00:07,IP Address,95,88,False,2025-08-21 19:00:10,R_93x9jMGS14H2AHr,qr,EN,Yes,Yes,Yes,Yes,3,Chemical,Yes,,"Friends/family,Independent research",,Yes,Yes,67,76,71,91,79,"Gaming,Lego,Music,Outdoor activities (e.g. hiking),Sports",,3,4,1,2,5,11,7,12,10,6,9,8,1,5,8,7,6,12,9,2,11,3,10,4,Hobbies,,Academic interest,,
2025-08-15 09:02:24,2025-08-15 09:07:53,IP Address,95,328,False,2025-08-22 09:07:59,R_9sSETCcSI0Alwcz,qr,EN,Yes,Yes,Yes,Yes,3,Mechatronics,Yes,,"Friends/family,Independent research,Unit content",,Yes,No,42,26,49,75,45,"Gaming,Sports,3D printing",,12,3,4,2,6,1,10,8,7,5,9,11,5,2,3,6,7,1,8,9,4,10,11,12,Academic interests,,,,
2025-08-15 14:07:31,2025-08-15 14:07:52,IP Address,24,21,False,2025-08-22 14:07:55,R_9fcOkb3LOei33WK,anonymous,EN,Yes,Yes,Yes,Yes,,,,,,,,,,,,,,,,,,,,,,,,,,,,,,,,,,,,,,,,,,,,
2025-08-15 14:07:58,2025-08-15 14:08:43,IP Address,24,44,False,2025-08-22 14:08:48,R_9qUJmvCdOjC5TTt,anonymous,EN,Yes,Yes,Yes,Yes,,,,,,,,,,,,,,,,,,,,,,,,,,,,,,,,,,,,,,,,,,,,
2025-08-15 14:08:47,2025-08-15 14:21:28,IP Address,71,761,False,2025-08-22 14:21:32,R_9IQQt27IipZix0V,anonymous,EN,Yes,Yes,Yes,Yes,1,Materials,Yes,,"Friends/family,Independent research,Monash faculty briefings,Monash staff,Unit content",,No,,48,62,43,60,53,"Cooking/Baking,Gaming,Music,Reading",,,,,,,,,,,,,,,,,,,,,,,,,,,,,,
2025-08-15 17:16:37,2025-08-15 17:18:05,IP Address,57,87,False,2025-08-22 17:18:06,R_9n9eFnJ0vH6aKL4,qr,EN,Yes,Yes,Yes,Yes,4+,Mechatronics,Yes,,"Friends/family,Monash faculty briefings,Monash faculty website,Monash staff,Unit content",,No,,,,,,,,,,,,,,,,,,,,,,,,,,,,,,,,,,,,,
2025-08-17 14:31:23,2025-08-17 14:31:50,IP Address,38,26,False,2025-08-24 14:31:51,R_9rP3rZ0u6x2sXRj,anonymous,EN,Yes,Yes,Yes,Yes,4+,Civil,Yes,,,,,,,,,,,,,,,,,,,,,,,,,,,,,,,,,,,,,,,,,
2025-08-24 21:23:39,2025-08-24 21:26:47,IP Address,100,188,True,2025-08-24 21:26:47,R_9Yrj35kUjnuYCmS,anonymous,EN,Yes,Yes,Yes,Yes,2,Civil,Yes,,"Friends/family,Independent research,Unit content",,No,,71,55,72,73,58,"Cars/automotive,Cooking/Baking,Gaming,Music",,11,3,8,4,7,6,9,12,10,5,2,1,1,2,4,5,3,6,7,8,9,10,11,12,Other (please elaborate),Job avaliability,,,
2025-08-25 17:29:55,2025-08-25 17:32:23,IP Address,100,148,True,2025-08-25 17:32:24,R_9DnHdktCwaEbRbM,qr,EN,Yes,Yes,Yes,Yes,1,Mechanical,Yes,,"Friends/family,Independent research,Monash faculty website,Student teams/clubs",,Yes,Yes,28,43,43,36,40,"Board games,Cars/automotive,Outdoor activities (e.g. hiking),Sports",,1,2,5,4,3,6,7,8,9,10,11,12,2,4,5,3,1,6,7,8,9,10,11,12,,,Hobbies,,
2025-08-25 17:29:23,2025-08-25 17:33:10,IP Address,100,227,True,2025-08-25 17:33:11,R_4hDMUJSrI8wre2O,qr,EN,Yes,Yes,Yes,Yes,2,Mechatronics,Yes,,"Independent research,Student teams/clubs",,Yes,No,46,82,39,61,84,"Bouldering,Cars/automotive,Gaming,Outdoor activities (e.g. hiking),Programming or other computer-related activities,Sports,Travelling",,12,2,1,3,5,8,9,7,4,6,11,10,2,5,1,4,3,6,11,8,12,7,9,10,Personality,,,,
